Workbook

Sheet paste report
A1: Report: | D1: Weekly Schedule: [ System ]
A2: Sorted By: | D2: Employee Id Ascending
A3: Filtered By: | D3: Employee Filter: All Employees; Date Range: 01/09/2025-07/09/2025; Extra Settings: Show Time Off, Highlight Last Opened Schedule; Cost Center(Store) = chatswood concourse; Employee Status != Terminated
A4: Date & Time: | D4: 25/08/2025 03:59p
A5: Generated By: | D5: Hui Fern Hwa, Level 8
A6: Company: | D6: Muji Retail Australia Pty Ltd (6147268)
A8: Employee Id | B8: First Name | C8: Last Name | D8: Employee Status | E8: Schedule Mon Nov 10 | F8: Schedule Tue Nov 11 | G8: Schedule Wed Nov 12 | H8: Schedule Thu Nov 13 | I8: Schedule Fri Nov 14 | J8: Schedule Sat Nov 15 | K8: Schedule Sun Nov 16 | L8: Cost Center(Store)
A9: 01509 | B9: Amy | C9: Somana | D9: Active | F9: 08:30a - 04:30p | G9: 08:30a - 04:30p | H9: 08:30a - 05:00p | I9: 08:30a - 04:30p | J9: 12:00p - 08:00p | L9: Chatswood Concourse
A10: 1175 | B10: Anna | C10: Naritsuka-Hayler | D10: Active | F10: 08:30a - 04:30p | G10: 08:30a - 04:30p | K10: 12:00p - 08:00p | L10: Chatswood Concourse
A11: 1041 | B11: Archana | C11: Prashanth | D11: Active | L11: Chatswood Concourse
A12: 1245 | B12: Charlotte | C12: Robertson | D12: Active | L12: Chatswood Concourse
A13: 1136 | B13: Cherry | C13: Ward | D13: Active | G13: 11:00a - 07:00p | I13: 11:00a - 07:00p | K13: 12:00p - 08:00p | L13: Chatswood Concourse
A14: 1247 | B14: Chihiro | C14: Burgoyne | D14: Active | E14: 08:30a - 03:00p | F14: 08:30a - 03:00p | G14: 08:30a - 03:00p | H14: 08:30a - 03:00p | I14: 08:30a - 03:00p | L14: Chatswood Concourse
A15: 01514 | B15: Chloe | C15: Huang | D15: Active | E15: 10:30a - 07:00p | F15: 11:00a - 07:00p | G15: 11:00a - 07:00p | H15: 02:00p - 10:00p | K15: 12:00p - 08:00p | L15: Chatswood Concourse
A16: 660 | B16: Daniel | C16: Park | D16: Active | L16: Chatswood Concourse
A17: 1275 | B17: Da-yeon | C17: Oh | D17: Active | L17: Chatswood Concourse
A18: 1258 | B18: Dennis | C18: Kim | D18: Active | J18: 03:00p - 08:00p | L18: Chatswood Concourse
A19: 1131 | B19: Doris | C19: Hou | D19: Active | L19: Chatswood Concourse
A20: 01601 | B20: Dorothy | C20: Choi | D20: Active | J20: 11:00a - 07:00p | L20: Chatswood Concourse
A21: 01506 | B21: Duke | C21: Trac | D21: Active | H21: 02:00p - 10:00p | J21: 12:00p - 08:00p | K21: 12:00p - 08:00p | L21: Chatswood Concourse
A22: 01526 | B22: Emma | C22: Blackburn | D22: Active | L22: Chatswood Concourse
A23: 1025 | B23: Eunice | C23: Deng | D23: Active | L23: Chatswood Concourse
A24: 670 | B24: Fern | C24: Hwa | D24: Active | E24: 10:30a - 07:00p | F24: 11:00a - 07:00p | G24: 08:30a - 04:30p | H24: 02:00p - 10:00p | K24: 12:00p - 08:00p | L24: Chatswood Concourse
A25: 01504 | B25: Hannah | C25: Abad | D25: Active | E25: 02:00p - 07:00p | H25: 04:00p - 09:00p | I25: 02:00p - 07:00p | L25: Chatswood Concourse
A26: 01524 | B26: Isabelle | C26: Lee | D26: Active | F26: 11:00a - 07:00p | K26: 09:00a - 05:00p | L26: Chatswood Concourse
A27: 1216 | B27: Janelle | C27: Viernes | D27: Active | K27: 12:00p - 08:00p | L27: Chatswood Concourse
A28: 1228 | B28: Jared | C28: Hui | D28: Active | G28: 11:00a - 07:00p | H28: 02:00p - 10:00p | K28: 12:00p - 08:00p | L28: Chatswood Concourse
A29: 1196 | B29: Jessica | C29: Rao | D29: Active | F29: 11:00a - 07:00p | G29: 08:30a - 04:30p | H29: 08:30a - 04:30p | I29: 11:00a - 07:00p | J29: 12:00p - 08:00p | L29: Chatswood Concourse
A30: 01520 | B30: Jessie | C30: Zhang | D30: Active | L30: Chatswood Concourse
A31: 01505 | B31: Jewel | C31: Yabut | D31: Active | K31: 09:00a - 02:00p | L31: Chatswood Concourse
A32: 1289 | B32: Jordan | C32: Shue | D32: Active | E32: 10:30a - 07:00p | F32: 11:00a - 07:00p | G32: 11:00a - 07:00p | H32: 02:00p - 10:00p | K32: 09:00a - 05:00p | L32: Chatswood Concourse
A33: 1094 | B33: Joslyn | C33: Lam | D33: Active | G33: 08:30a - 04:30p | H33: 08:30a - 04:30p | K33: 09:00a - 05:00p | L33: Chatswood Concourse
A34: 1014 | B34: Julie K. | C34: Ko | D34: Active | E34: 08:30a - 04:30p | J34: 09:00a - 05:00p | L34: Chatswood Concourse
A35: 01518 | B35: Julie L. | C35: Luong | D35: Active | E35: 11:00a - 07:00p | I35: 11:00a - 07:00p | J35: 09:00a - 05:00p | L35: Chatswood Concourse
A36: 01527 | B36: Justine | C36: Sy | D36: Active | I36: 11:00a - 07:00p | J36: 09:00a - 02:00p | K36: 09:00a - 05:00p | L36: Chatswood Concourse
A37: 01519 | B37: Kathy | C37: Htun | D37: Active | H37: 11:00a - 07:00p | I37: 11:00a - 07:00p | K37: 12:00p - 08:00p | L37: Chatswood Concourse
A38: 1143 | B38: Kaye | C38: Bongolan | D38: Active | I38: 08:30a - 04:30p | J38: 12:00p - 08:00p | K38: 11:00a - 07:00p | L38: Chatswood Concourse
A39: 01523 | B39: Lachlan | C39: Ng | D39: Active | L39: Chatswood Concourse
A40: 614 | B40: Lauren | C40: Huynh | D40: Active | L40: Chatswood Concourse
A41: 01517 | B41: Lona | C41: Simkhada | D41: Active | E41: 08:30a - 04:30p | F41: 08:30a - 04:30p | G41: 08:30a - 04:30p | K41: 09:00a - 05:00p | L41: Chatswood Concourse
A42: 882 | B42: Masami | C42: Lee | D42: Active | E42: 08:30a - 04:30p | H42: 08:30a - 04:30p | I42: 11:00a - 07:00p | L42: Chatswood Concourse
A43: 1132 | B43: Michelle B. | C43: Banh | D43: Active | L43: Chatswood Concourse
A44: 01525 | B44: Michelle T. | C44: Tran Wo | D44: Active | G44: 08:30a - 04:30p | I44: 08:30a - 04:30p | K44: 09:00a - 05:00p | L44: Chatswood Concourse
A45: 1234 | B45: Misato | C45: Ishikawa | D45: Active | E45: 11:00a - 07:00p | I45: 08:30a - 04:30p | L45: Chatswood Concourse
A46: 1015 | B46: Natalie C. | C46: Choi | D46: Active | F46: 11:00a - 07:00p | H46: 12:00p - 08:00p | J46: 09:00a - 05:00p | L46: Chatswood Concourse
A47: 01529 | B47: Natalie N. | C47: Nguyen | D47: Active | E47: 11:00a - 07:00p | I47: 08:30a - 04:30p | J47: 12:00p - 08:00p | L47: Chatswood Concourse
A48: 1257 | B48: Noreen | C48: De Vera | D48: Active | L48: Chatswood Concourse
A49: 1287 | B49: Pearl | C49: Lin | D49: Active | L49: Chatswood Concourse
A50: 1232 | B50: Penny | C50: Rabena | D50: Active | L50: Chatswood Concourse
A51: 303 | B51: Rachel | C51: Seeto | D51: Active | I51: 08:30a - 03:30p | L51: Chatswood Concourse
A52: 1142 | B52: Ralph | C52: Deoferio | D52: Active | L52: Chatswood Concourse
A53: 01528 | B53: Rena | C53: Chen | D53: Active | L53: Chatswood Concourse
A54: 1237 | B54: Rich | C54: Ma | D54: Active | H54: 11:00a - 07:00p | I54: 08:30a - 04:30p | J54: 09:00a - 05:00p | L54: Chatswood Concourse
A55: 1133 | B55: Sarah | C55: Lee | D55: Active | L55: Chatswood Concourse
A56: 891 | B56: Sienna | C56: Lim | D56: Active | E56: 10:30a - 07:00p | F56: 11:00a - 07:00p | G56: 11:00a - 07:00p | H56: 02:00p - 10:00p | K56: 09:00a - 05:00p | L56: Chatswood Concourse
A57: 1108 | B57: Tara | C57: Turner | D57: Active | F57: 08:30a - 05:00p | G57: 11:00a - 07:00p | H57: 12:00p - 08:00p | I57: 11:00a - 07:00p | J57: 09:00a - 05:00p | L57: Chatswood Concourse
A58: 01521 | B58: Tom | C58: Wu | D58: Active | L58: Chatswood Concourse
A59: 1062 | B59: Tomoko | C59: Shimada | D59: Active | E59: 08:30a - 04:30p | I59: 08:30a - 04:30p | J59: 12:00p - 08:00p | L59: Chatswood Concourse
A60: 1149 | B60: Vera | C60: Kim | D60: Active | L60: Chatswood Concourse
A61: 1160 | B61: Yura | C61: Sin | D61: Active | E61: 08:30a - 05:00p | F61: 08:30a - 04:30p | G61: 08:30a - 04:30p | H61: 08:30a - 04:30p | I61: 08:30a - 04:30p | L61: Chatswood Concourse

Sheet Info
B2: For shifts with a 40 min and 10 min break the 10 min breaks are 1:30 or 1:45 before the end of a 7.5 to 8.5 hr shift or 1:45 to 2:00 before the end of a +9hr shift
B3: For shifts with only a 10 min break it is either a the midpoint of the shift or 10 min before the midpoint
D5: Number of hours worked | E5: Rest breaks | F5: Meal breaks | H5: Keep
D6: < 4 hours | E6: 0 | F6: 0 | H6: 0.010416667
D7: 4 to 5 hours | E7: 1 | F7: 0 | G7: 1 x 10 | H7: 0.03125
D8: >5 to <7 hours | E8: 1 | F8: 1 | G8: 1 x 40 | H8: 0.22916667
D9: 7 to < 10 hours | E9: 2 | F9: 1 | G9: 1 x 40 & 1 x 10 | H9: 0.03125
D10: 10 or more hours | E10: 2 | F10: 2 | G10: 2 x 40 | H10: 0.16666667
C13: M's | D13: Mens (incl. M's inner)
C14: L's | D14: Ladies (incl. W's inner)
C15: K's | D15: Kids
C16: M/K | D16: Mens + Kids
C17: Acc. | D17: Accessories
C18: Fab. | D18: Fabric
C19: HW | D19: Homewear
C20: Stat. | D20: Stationery
C21: H&B | D21: Health & Beauty
C22: HH | D22: Household
C23: F | D23: Food
C24: 40 | D24: 40min break
C25: 15 | D25: 15min break
C26: 10 | D26: 10min break
C27: R | D27: Register
C28: FR | D28: Fitting room
C29: LD | D29: Leader
C30: GR | D30: Greeter
C31: H | D31: Huddle
C32: MT | D32: Meeting (for SM/ASM)
C33: CL | D33: Cleaning
C34: Mirr. | D34: Cleaning of Mirrors
C35: Dust | D35: Dusting of shelves/top
C36: Vac. | D36: Vaccum
C37: CL S | D37: Cleaning Staffroom
C38: Bin | D38: Bin run
... C42: Tidy | D42: Tidy (after closing)

Sheet Team
E2: For Department, use one of the acronym used in the "info" sheet | F2: For contract type, only use one of the 3 options below: FT PT Cas
B3: Employee Id | C3: First Name | D3: Last Name | E3: Department | F3: Contract type
B4: 01509 | C4: Amy | D4: Somana | E4: L's | F4: FT
B5: 1175 | C5: Anna | D5: Naritsuka-Hayler | E5: H&B | F5: PT
B6: 1041 | C6: Archana | D6: Prashanth | E6: L's | F6: CAS
B7: 1245 | C7: Charlotte | D7: Robertson | E7: HH | F7: CAS
B8: 1136 | C8: Cherry | D8: Ward | E8: M's | F8: PT
B9: 1247 | C9: Chihiro | D9: Burgoyne | E9: HH | F9: PT
B10: 01514 | C10: Chloe | D10: Huang | E10: SPV | F10: FT
B11: 660 | C11: Daniel | D11: Park | E11: HH | F11: CAS
B12: 1275 | C12: Da-yeon | D12: Oh | E12: HH | F12: CAS
B13: 1258 | C13: Dennis | D13: Kim | E13: Stat. | F13: CAS
B14: 1131 | C14: Doris | D14: Hou | E14: L's | F14: CAS
... B56: 1160 | C56: Yura | D56: Sin | E56: SPV | F56: FT

Sheet Weekly
G2: =RIGHT('paste report'!E8,11) -> Mon Nov 10 | J2: =RIGHT('paste report'!F8,11) -> Tue Nov 11 | M2: =RIGHT('paste report'!G8,11) -> Wed Nov 12 | P2: =RIGHT('paste report'!H8,11) -> Thu Nov 13 | S2: =RIGHT('paste report'!I8,11) -> Fri Nov 14 | V2: =RIGHT('paste report'!J8,11) -> Sat Nov 15 | Y2: =RIGHT('paste report'!K8,11) -> Sun Nov 16
C3: Weekly MH | D3: =I7+L7+O7+R7+U7+X7+AA7 -> 432 | M3: Delivery | S3: Delivery
G4: Full time | I4: =SUMIF($E$10:$E$97,"FT",I10:I97) -> 34 | J4: Full time | L4: =SUMIF($E$10:$E$97,"FT",L10:L97) -> 48.5 | M4: Full time | O4: =SUMIF($E$10:$E$97,"FT",O10:O97) -> 48 | P4: Full time | R4: =SUMIF($E$10:$E$97,"FT",R10:R97) -> 48 | S4: Full time | U4: =SUMIF($E$10:$E$97,"FT",U10:U97) -> 24 | V4: Full time | X4: =SUMIF($E$10:$E$97,"FT",X10:X97) -> 16 | Y4: Full time | AA4: =SUMIF($E$10:$E$97,"FT",AA10:AA97) -> 24
G5: Part time | I5: =SUMIF($E$10:$E$97,"PT",I10:I97) -> 30.5 | J5: Part time | L5: =SUMIF($E$10:$E$97,"PT",L10:L97) -> 30.5 | M5: Part time | O5: =SUMIF($E$10:$E$97,"PT",O10:O97) -> 54.5 | P5: Part time | R5: =SUMIF($E$10:$E$97,"PT",R10:R97) -> 62.5 | S5: Part time | U5: =SUMIF($E$10:$E$97,"PT",U10:U97) -> 61.5 | V5: Part time | X5: =SUMIF($E$10:$E$97,"PT",X10:X97) -> 32 | Y5: Part time | AA5: =SUMIF($E$10:$E$97,"PT",AA10:AA97) -> 64
G6: Casual | I6: =SUMIF($E$10:$E$97,"Cas",I10:I97) -> 45.5 | J6: Casual | L6: =SUMIF($E$10:$E$97,"Cas",L10:L97) -> 16 | M6: Casual | O6: =SUMIF($E$10:$E$97,"Cas",O10:O97) -> 8 | P6: Casual | R6: =SUMIF($E$10:$E$97,"Cas",R10:R97) -> 13 | S6: Casual | U6: =SUMIF($E$10:$E$97,"Cas",U10:U97) -> 45 | V6: Casual | X6: =SUMIF($E$10:$E$97,"Cas",X10:X97) -> 50 | Y6: Casual | AA6: =SUMIF($E$10:$E$97,"Cas",AA10:AA97) -> 45
G7: Total man hour | I7: =SUM(I10:I36) -> 53 | J7: Total man hour | L7: =SUM(L10:L36) -> 54.5 | M7: Total man hour | O7: =SUM(O10:O36) -> 70.5 | P7: Total man hour | R7: =SUM(R10:R36) -> 67.5 | S7: Total man hour | U7: =SUM(U10:U36) -> 43.5 | V7: Total man hour | X7: =SUM(X10:X36) -> 50 | Y7: Total man hour | AA7: =SUM(AA10:AA36) -> 93
B8: ID | C8: First Name | D8: Last Name | E8: Contract | F8: Hrs | G8: Start | H8: End | J8: Start | K8: End | M8: Start | N8: End | P8: Start | Q8: End | S8: Start | T8: End | V8: Start | W8: End | Y8: Start | Z8: End
B9: ='paste report'!A9 -> 01509 | C9: ='paste report'!B9 -> Amy | D9: ='paste report'!C9 -> Somana | E9: =VLOOKUP(B9,Team!$B$4:$F$183,5,FALSE) -> FT | F9: =I9+L9+O9+R9+U9+X9+AA9 -> 40.5 | G9: =_xlfn.IFNA(VLOOKUP(LEFT('paste report'!E9,6),$AE$10:$AF$47,2,FALSE),"") | H9: =_xlfn.IFNA(VLOOKUP(RIGHT('paste report'!E9,6),$AE$10:$AF$47,2,FALSE),"") | I9: =IFERROR(24*IF(H9>0,H9-G9,0),0) -> 0 | J9: =_xlfn.IFNA(VLOOKUP(LEFT('paste report'!F9,6),$AE$10:$AF$47,2,FALSE),"") -> 0.35416667 | K9: =_xlfn.IFNA(VLOOKUP(RIGHT('paste report'!F9,6),$AE$10:$AF$47,2,FALSE),"") -> 0.6875 | L9: =IFERROR(24*IF(K9>0,K9-J9,0),0) -> 8 | M9: =_xlfn.IFNA(VLOOKUP(LEFT('paste report'!G9,6),$AE$10:$AF$47,2,FALSE),"") -> 0.35416667 | N9: =_xlfn.IFNA(VLOOKUP(RIGHT('paste report'!G9,6),$AE$10:$AF$47,2,FALSE),"") -> 0.6875 | O9: =IFERROR(24*IF(N9>0,N9-M9,0),0) -> 8 | P9: =_xlfn.IFNA(VLOOKUP(LEFT('paste report'!H9,6),$AE$10:$AF$47,2,FALSE),"") -> 0.35416667 | Q9: =_xlfn.IFNA(VLOOKUP(RIGHT('paste report'!H9,6),$AE$10:$AF$47,2,FALSE),"") -> 0.70833333 | R9: =IFERROR(24*IF(Q9>0,Q9-P9,0),0) -> 8.5 | S9: =_xlfn.IFNA(VLOOKUP(LEFT('paste report'!I9,6),$AE$10:$AF$47,2,FALSE),"") -> 0.35416667 | T9: =_xlfn.IFNA(VLOOKUP(RIGHT('paste report'!I9,6),$AE$10:$AF$47,2,FALSE),"") -> 0.6875 | U9: =IFERROR(24*IF(T9>0,T9-S9,0),0) -> 8 | V9: =_xlfn.IFNA(VLOOKUP(LEFT('paste report'!J9,6),$AE$10:$AF$47,2,FALSE),"") -> 0.5 | W9: =_xlfn.IFNA(VLOOKUP(RIGHT('paste report'!J9,6),$AE$10:$AF$47,2,FALSE),"") -> 0.83333333 | X9: =IFERROR(24*IF(W9>0,W9-V9,0),0) -> 8 | Y9: =_xlfn.IFNA(VLOOKUP(LEFT('paste report'!K9,6),$AE$10:$AF$47,2,FALSE),"") | Z9: =_xlfn.IFNA(VLOOKUP(RIGHT('paste report'!K9,6),$AE$10:$AF$47,2,FALSE),"") | AA9: =IFERROR(24*IF(Z9>0,Z9-Y9,0),0) -> 0
B10: ='paste report'!A10 -> 1175 | C10: ='paste report'!B10 -> Anna | D10: ='paste report'!C10 -> Naritsuka-Hayler | E10: =VLOOKUP(B10,Team!$B$4:$F$183,5,FALSE) -> PT | F10: =I10+L10+O10+R10+U10+X10+AA10 -> 24 | G10: =_xlfn.IFNA(VLOOKUP(LEFT('paste report'!E10,6),$AE$10:$AF$47,2,FALSE),"") | H10: =_xlfn.IFNA(VLOOKUP(RIGHT('paste report'!E10,6),$AE$10:$AF$47,2,FALSE),"") | I10: =IFERROR(24*IF(H10>0,H10-G10,0),0) -> 0 | J10: =_xlfn.IFNA(VLOOKUP(LEFT('paste report'!F10,6),$AE$10:$AF$47,2,FALSE),"") -> 0.35416667 | K10: =_xlfn.IFNA(VLOOKUP(RIGHT('paste report'!F10,6),$AE$10:$AF$47,2,FALSE),"") -> 0.6875 | L10: =IFERROR(24*IF(K10>0,K10-J10,0),0) -> 8 | M10: =_xlfn.IFNA(VLOOKUP(LEFT('paste report'!G10,6),$AE$10:$AF$47,2,FALSE),"") -> 0.35416667 | N10: =_xlfn.IFNA(VLOOKUP(RIGHT('paste report'!G10,6),$AE$10:$AF$47,2,FALSE),"") -> 0.6875 | O10: =IFERROR(24*IF(N10>0,N10-M10,0),0) -> 8 | P10: =_xlfn.IFNA(VLOOKUP(LEFT('paste report'!H10,6),$AE$10:$AF$47,2,FALSE),"") | Q10: =_xlfn.IFNA(VLOOKUP(RIGHT('paste report'!H10,6),$AE$10:$AF$47,2,FALSE),"") | R10: =IFERROR(24*IF(Q10>0,Q10-P10,0),0) -> 0 | S10: =_xlfn.IFNA(VLOOKUP(LEFT('paste report'!I10,6),$AE$10:$AF$47,2,FALSE),"") | T10: =_xlfn.IFNA(VLOOKUP(RIGHT('paste report'!I10,6),$AE$10:$AF$47,2,FALSE),"") | U10: =IFERROR(24*IF(T10>0,T10-S10,0),0) -> 0 | V10: =_xlfn.IFNA(VLOOKUP(LEFT('paste report'!J10,6),$AE$10:$AF$47,2,FALSE),"") | W10: =_xlfn.IFNA(VLOOKUP(RIGHT('paste report'!J10,6),$AE$10:$AF$47,2,FALSE),"") | X10: =IFERROR(24*IF(W10>0,W10-V10,0),0) -> 0 | Y10: =_xlfn.IFNA(VLOOKUP(LEFT('paste report'!K10,6),$AE$10:$AF$47,2,FALSE),"") -> 0.5 | Z10: =_xlfn.IFNA(VLOOKUP(RIGHT('paste report'!K10,6),$AE$10:$AF$47,2,FALSE),"") -> 0.83333333 | AA10: =IFERROR(24*IF(Z10>0,Z10-Y10,0),0) -> 8 | AE10: 05:00a | AF10: 0.20833333
B11: ='paste report'!A11 -> 1041 | C11: ='paste report'!B11 -> Archana | D11: ='paste report'!C11 -> Prashanth | E11: =VLOOKUP(B11,Team!$B$4:$F$183,5,FALSE) -> CAS | F11: =I11+L11+O11+R11+U11+X11+AA11 -> 0 | G11: =_xlfn.IFNA(VLOOKUP(LEFT('paste report'!E11,6),$AE$10:$AF$47,2,FALSE),"") | H11: =_xlfn.IFNA(VLOOKUP(RIGHT('paste report'!E11,6),$AE$10:$AF$47,2,FALSE),"") | I11: =IFERROR(24*IF(H11>0,H11-G11,0),0) -> 0 | J11: =_xlfn.IFNA(VLOOKUP(LEFT('paste report'!F11,6),$AE$10:$AF$47,2,FALSE),"") | K11: =_xlfn.IFNA(VLOOKUP(RIGHT('paste report'!F11,6),$AE$10:$AF$47,2,FALSE),"") | L11: =IFERROR(24*IF(K11>0,K11-J11,0),0) -> 0 | M11: =_xlfn.IFNA(VLOOKUP(LEFT('paste report'!G11,6),$AE$10:$AF$47,2,FALSE),"") | N11: =_xlfn.IFNA(VLOOKUP(RIGHT('paste report'!G11,6),$AE$10:$AF$47,2,FALSE),"") | O11: =IFERROR(24*IF(N11>0,N11-M11,0),0) -> 0 | P11: =_xlfn.IFNA(VLOOKUP(LEFT('paste report'!H11,6),$AE$10:$AF$47,2,FALSE),"") | Q11: =_xlfn.IFNA(VLOOKUP(RIGHT('paste report'!H11,6),$AE$10:$AF$47,2,FALSE),"") | R11: =IFERROR(24*IF(Q11>0,Q11-P11,0),0) -> 0 | S11: =_xlfn.IFNA(VLOOKUP(LEFT('paste report'!I11,6),$AE$10:$AF$47,2,FALSE),"") | T11: =_xlfn.IFNA(VLOOKUP(RIGHT('paste report'!I11,6),$AE$10:$AF$47,2,FALSE),"") | U11: =IFERROR(24*IF(T11>0,T11-S11,0),0) -> 0 | V11: =_xlfn.IFNA(VLOOKUP(LEFT('paste report'!J11,6),$AE$10:$AF$47,2,FALSE),"") | W11: =_xlfn.IFNA(VLOOKUP(RIGHT('paste report'!J11,6),$AE$10:$AF$47,2,FALSE),"") | X11: =IFERROR(24*IF(W11>0,W11-V11,0),0) -> 0 | Y11: =_xlfn.IFNA(VLOOKUP(LEFT('paste report'!K11,6),$AE$10:$AF$47,2,FALSE),"") | Z11: =_xlfn.IFNA(VLOOKUP(RIGHT('paste report'!K11,6),$AE$10:$AF$47,2,FALSE),"") | AA11: =IFERROR(24*IF(Z11>0,Z11-Y11,0),0) -> 0 | AE11: 05:30a | AF11: 0.22916667
B12: ='paste report'!A12 -> 1245 | C12: ='paste report'!B12 -> Charlotte | D12: ='paste report'!C12 -> Robertson | E12: =VLOOKUP(B12,Team!$B$4:$F$183,5,FALSE) -> CAS | F12: =I12+L12+O12+R12+U12+X12+AA12 -> 0 | G12: =_xlfn.IFNA(VLOOKUP(LEFT('paste report'!E12,6),$AE$10:$AF$47,2,FALSE),"") | H12: =_xlfn.IFNA(VLOOKUP(RIGHT('paste report'!E12,6),$AE$10:$AF$47,2,FALSE),"") | I12: =IFERROR(24*IF(H12>0,H12-G12,0),0) -> 0 | J12: =_xlfn.IFNA(VLOOKUP(LEFT('paste report'!F12,6),$AE$10:$AF$47,2,FALSE),"") | K12: =_xlfn.IFNA(VLOOKUP(RIGHT('paste report'!F12,6),$AE$10:$AF$47,2,FALSE),"") | L12: =IFERROR(24*IF(K12>0,K12-J12,0),0) -> 0 | M12: =_xlfn.IFNA(VLOOKUP(LEFT('paste report'!G12,6),$AE$10:$AF$47,2,FALSE),"") | N12: =_xlfn.IFNA(VLOOKUP(RIGHT('paste report'!G12,6),$AE$10:$AF$47,2,FALSE),"") | O12: =IFERROR(24*IF(N12>0,N12-M12,0),0) -> 0 | P12: =_xlfn.IFNA(VLOOKUP(LEFT('paste report'!H12,6),$AE$10:$AF$47,2,FALSE),"") | Q12: =_xlfn.IFNA(VLOOKUP(RIGHT('paste report'!H12,6),$AE$10:$AF$47,2,FALSE),"") | R12: =IFERROR(24*IF(Q12>0,Q12-P12,0),0) -> 0 | S12: =_xlfn.IFNA(VLOOKUP(LEFT('paste report'!I12,6),$AE$10:$AF$47,2,FALSE),"") | T12: =_xlfn.IFNA(VLOOKUP(RIGHT('paste report'!I12,6),$AE$10:$AF$47,2,FALSE),"") | U12: =IFERROR(24*IF(T12>0,T12-S12,0),0) -> 0 | V12: =_xlfn.IFNA(VLOOKUP(LEFT('paste report'!J12,6),$AE$10:$AF$47,2,FALSE),"") | W12: =_xlfn.IFNA(VLOOKUP(RIGHT('paste report'!J12,6),$AE$10:$AF$47,2,FALSE),"") | X12: =IFERROR(24*IF(W12>0,W12-V12,0),0) -> 0 | Y12: =_xlfn.IFNA(VLOOKUP(LEFT('paste report'!K12,6),$AE$10:$AF$47,2,FALSE),"") | Z12: =_xlfn.IFNA(VLOOKUP(RIGHT('paste report'!K12,6),$AE$10:$AF$47,2,FALSE),"") | AA12: =IFERROR(24*IF(Z12>0,Z12-Y12,0),0) -> 0 | AE12: 06:00a | AF12: 0.25
B13: ='paste report'!A13 -> 1136 | C13: ='paste report'!B13 -> Cherry | D13: ='paste report'!C13 -> Ward | E13: =VLOOKUP(B13,Team!$B$4:$F$183,5,FALSE) -> PT | F13: =I13+L13+O13+R13+U13+X13+AA13 -> 24 | G13: =_xlfn.IFNA(VLOOKUP(LEFT('paste report'!E13,6),$AE$10:$AF$47,2,FALSE),"") | H13: =_xlfn.IFNA(VLOOKUP(RIGHT('paste report'!E13,6),$AE$10:$AF$47,2,FALSE),"") | I13: =IFERROR(24*IF(H13>0,H13-G13,0),0) -> 0 | J13: =_xlfn.IFNA(VLOOKUP(LEFT('paste report'!F13,6),$AE$10:$AF$47,2,FALSE),"") | K13: =_xlfn.IFNA(VLOOKUP(RIGHT('paste report'!F13,6),$AE$10:$AF$47,2,FALSE),"") | L13: =IFERROR(24*IF(K13>0,K13-J13,0),0) -> 0 | M13: =_xlfn.IFNA(VLOOKUP(LEFT('paste report'!G13,6),$AE$10:$AF$47,2,FALSE),"") -> 0.45833333 | N13: =_xlfn.IFNA(VLOOKUP(RIGHT('paste report'!G13,6),$AE$10:$AF$47,2,FALSE),"") -> 0.79166667 | O13: =IFERROR(24*IF(N13>0,N13-M13,0),0) -> 8 | P13: =_xlfn.IFNA(VLOOKUP(LEFT('paste report'!H13,6),$AE$10:$AF$47,2,FALSE),"") | Q13: =_xlfn.IFNA(VLOOKUP(RIGHT('paste report'!H13,6),$AE$10:$AF$47,2,FALSE),"") | R13: =IFERROR(24*IF(Q13>0,Q13-P13,0),0) -> 0 | S13: =_xlfn.IFNA(VLOOKUP(LEFT('paste report'!I13,6),$AE$10:$AF$47,2,FALSE),"") -> 0.45833333 | T13: =_xlfn.IFNA(VLOOKUP(RIGHT('paste report'!I13,6),$AE$10:$AF$47,2,FALSE),"") -> 0.79166667 | U13: =IFERROR(24*IF(T13>0,T13-S13,0),0) -> 8 | V13: =_xlfn.IFNA(VLOOKUP(LEFT('paste report'!J13,6),$AE$10:$AF$47,2,FALSE),"") | W13: =_xlfn.IFNA(VLOOKUP(RIGHT('paste report'!J13,6),$AE$10:$AF$47,2,FALSE),"") | X13: =IFERROR(24*IF(W13>0,W13-V13,0),0) -> 0 | Y13: =_xlfn.IFNA(VLOOKUP(LEFT('paste report'!K13,6),$AE$10:$AF$47,2,FALSE),"") -> 0.5 | Z13: =_xlfn.IFNA(VLOOKUP(RIGHT('paste report'!K13,6),$AE$10:$AF$47,2,FALSE),"") -> 0.83333333 | AA13: =IFERROR(24*IF(Z13>0,Z13-Y13,0),0) -> 8 | AE13: 06:30a | AF13: 0.27083333
B14: ='paste report'!A14 -> 1247 | C14: ='paste report'!B14 -> Chihiro | D14: ='paste report'!C14 -> Burgoyne | E14: =VLOOKUP(B14,Team!$B$4:$F$183,5,FALSE) -> PT | F14: =I14+L14+O14+R14+U14+X14+AA14 -> 32.5 | G14: =_xlfn.IFNA(VLOOKUP(LEFT('paste report'!E14,6),$AE$10:$AF$47,2,FALSE),"") -> 0.35416667 | H14: =_xlfn.IFNA(VLOOKUP(RIGHT('paste report'!E14,6),$AE$10:$AF$47,2,FALSE),"") -> 0.625 | I14: =IFERROR(24*IF(H14>0,H14-G14,0),0) -> 6.5 | J14: =_xlfn.IFNA(VLOOKUP(LEFT('paste report'!F14,6),$AE$10:$AF$47,2,FALSE),"") -> 0.35416667 | K14: =_xlfn.IFNA(VLOOKUP(RIGHT('paste report'!F14,6),$AE$10:$AF$47,2,FALSE),"") -> 0.625 | L14: =IFERROR(24*IF(K14>0,K14-J14,0),0) -> 6.5 | M14: =_xlfn.IFNA(VLOOKUP(LEFT('paste report'!G14,6),$AE$10:$AF$47,2,FALSE),"") -> 0.35416667 | N14: =_xlfn.IFNA(VLOOKUP(RIGHT('paste report'!G14,6),$AE$10:$AF$47,2,FALSE),"") -> 0.625 | O14: =IFERROR(24*IF(N14>0,N14-M14,0),0) -> 6.5 | P14: =_xlfn.IFNA(VLOOKUP(LEFT('paste report'!H14,6),$AE$10:$AF$47,2,FALSE),"") -> 0.35416667 | Q14: =_xlfn.IFNA(VLOOKUP(RIGHT('paste report'!H14,6),$AE$10:$AF$47,2,FALSE),"") -> 0.625 | R14: =IFERROR(24*IF(Q14>0,Q14-P14,0),0) -> 6.5 | S14: =_xlfn.IFNA(VLOOKUP(LEFT('paste report'!I14,6),$AE$10:$AF$47,2,FALSE),"") -> 0.35416667 | T14: =_xlfn.IFNA(VLOOKUP(RIGHT('paste report'!I14,6),$AE$10:$AF$47,2,FALSE),"") -> 0.625 | U14: =IFERROR(24*IF(T14>0,T14-S14,0),0) -> 6.5 | V14: =_xlfn.IFNA(VLOOKUP(LEFT('paste report'!J14,6),$AE$10:$AF$47,2,FALSE),"") | W14: =_xlfn.IFNA(VLOOKUP(RIGHT('paste report'!J14,6),$AE$10:$AF$47,2,FALSE),"") | X14: =IFERROR(24*IF(W14>0,W14-V14,0),0) -> 0 | Y14: =_xlfn.IFNA(VLOOKUP(LEFT('paste report'!K14,6),$AE$10:$AF$47,2,FALSE),"") | Z14: =_xlfn.IFNA(VLOOKUP(RIGHT('paste report'!K14,6),$AE$10:$AF$47,2,FALSE),"") | AA14: =IFERROR(24*IF(Z14>0,Z14-Y14,0),0) -> 0 | AE14: 07:00a | AF14: 0.29166667
B15: ='paste report'!A15 -> 01514 | C15: ='paste report'!B15 -> Chloe | D15: ='paste report'!C15 -> Huang | E15: =VLOOKUP(B15,Team!$B$4:$F$183,5,FALSE) -> FT | F15: =I15+L15+O15+R15+U15+X15+AA15 -> 40.5 | G15: =_xlfn.IFNA(VLOOKUP(LEFT('paste report'!E15,6),$AE$10:$AF$47,2,FALSE),"") -> 0.4375 | H15: =_xlfn.IFNA(VLOOKUP(RIGHT('paste report'!E15,6),$AE$10:$AF$47,2,FALSE),"") -> 0.79166667 | I15: =IFERROR(24*IF(H15>0,H15-G15,0),0) -> 8.5 | J15: =_xlfn.IFNA(VLOOKUP(LEFT('paste report'!F15,6),$AE$10:$AF$47,2,FALSE),"") -> 0.45833333 | K15: =_xlfn.IFNA(VLOOKUP(RIGHT('paste report'!F15,6),$AE$10:$AF$47,2,FALSE),"") -> 0.79166667 | L15: =IFERROR(24*IF(K15>0,K15-J15,0),0) -> 8 | M15: =_xlfn.IFNA(VLOOKUP(LEFT('paste report'!G15,6),$AE$10:$AF$47,2,FALSE),"") -> 0.45833333 | N15: =_xlfn.IFNA(VLOOKUP(RIGHT('paste report'!G15,6),$AE$10:$AF$47,2,FALSE),"") -> 0.79166667 | O15: =IFERROR(24*IF(N15>0,N15-M15,0),0) -> 8 | P15: =_xlfn.IFNA(VLOOKUP(LEFT('paste report'!H15,6),$AE$10:$AF$47,2,FALSE),"") -> 0.58333333 | Q15: =_xlfn.IFNA(VLOOKUP(RIGHT('paste report'!H15,6),$AE$10:$AF$47,2,FALSE),"") -> 0.91666667 | R15: =IFERROR(24*IF(Q15>0,Q15-P15,0),0) -> 8 | S15: =_xlfn.IFNA(VLOOKUP(LEFT('paste report'!I15,6),$AE$10:$AF$47,2,FALSE),"") | T15: =_xlfn.IFNA(VLOOKUP(RIGHT('paste report'!I15,6),$AE$10:$AF$47,2,FALSE),"") | U15: =IFERROR(24*IF(T15>0,T15-S15,0),0) -> 0 | V15: =_xlfn.IFNA(VLOOKUP(LEFT('paste report'!J15,6),$AE$10:$AF$47,2,FALSE),"") | W15: =_xlfn.IFNA(VLOOKUP(RIGHT('paste report'!J15,6),$AE$10:$AF$47,2,FALSE),"") | X15: =IFERROR(24*IF(W15>0,W15-V15,0),0) -> 0 | Y15: =_xlfn.IFNA(VLOOKUP(LEFT('paste report'!K15,6),$AE$10:$AF$47,2,FALSE),"") -> 0.5 | Z15: =_xlfn.IFNA(VLOOKUP(RIGHT('paste report'!K15,6),$AE$10:$AF$47,2,FALSE),"") -> 0.83333333 | AA15: =IFERROR(24*IF(Z15>0,Z15-Y15,0),0) -> 8 | AE15: 07:30a | AF15: 0.3125
B16: ='paste report'!A16 -> 660 | C16: ='paste report'!B16 -> Daniel | D16: ='paste report'!C16 -> Park | E16: =VLOOKUP(B16,Team!$B$4:$F$183,5,FALSE) -> CAS | F16: =I16+L16+O16+R16+U16+X16+AA16 -> 0 | G16: =_xlfn.IFNA(VLOOKUP(LEFT('paste report'!E16,6),$AE$10:$AF$47,2,FALSE),"") | H16: =_xlfn.IFNA(VLOOKUP(RIGHT('paste report'!E16,6),$AE$10:$AF$47,2,FALSE),"") | I16: =IFERROR(24*IF(H16>0,H16-G16,0),0) -> 0 | J16: =_xlfn.IFNA(VLOOKUP(LEFT('paste report'!F16,6),$AE$10:$AF$47,2,FALSE),"") | K16: =_xlfn.IFNA(VLOOKUP(RIGHT('paste report'!F16,6),$AE$10:$AF$47,2,FALSE),"") | L16: =IFERROR(24*IF(K16>0,K16-J16,0),0) -> 0 | M16: =_xlfn.IFNA(VLOOKUP(LEFT('paste report'!G16,6),$AE$10:$AF$47,2,FALSE),"") | N16: =_xlfn.IFNA(VLOOKUP(RIGHT('paste report'!G16,6),$AE$10:$AF$47,2,FALSE),"") | O16: =IFERROR(24*IF(N16>0,N16-M16,0),0) -> 0 | P16: =_xlfn.IFNA(VLOOKUP(LEFT('paste report'!H16,6),$AE$10:$AF$47,2,FALSE),"") | Q16: =_xlfn.IFNA(VLOOKUP(RIGHT('paste report'!H16,6),$AE$10:$AF$47,2,FALSE),"") | R16: =IFERROR(24*IF(Q16>0,Q16-P16,0),0) -> 0 | S16: =_xlfn.IFNA(VLOOKUP(LEFT('paste report'!I16,6),$AE$10:$AF$47,2,FALSE),"") | T16: =_xlfn.IFNA(VLOOKUP(RIGHT('paste report'!I16,6),$AE$10:$AF$47,2,FALSE),"") | U16: =IFERROR(24*IF(T16>0,T16-S16,0),0) -> 0 | V16: =_xlfn.IFNA(VLOOKUP(LEFT('paste report'!J16,6),$AE$10:$AF$47,2,FALSE),"") | W16: =_xlfn.IFNA(VLOOKUP(RIGHT('paste report'!J16,6),$AE$10:$AF$47,2,FALSE),"") | X16: =IFERROR(24*IF(W16>0,W16-V16,0),0) -> 0 | Y16: =_xlfn.IFNA(VLOOKUP(LEFT('paste report'!K16,6),$AE$10:$AF$47,2,FALSE),"") | Z16: =_xlfn.IFNA(VLOOKUP(RIGHT('paste report'!K16,6),$AE$10:$AF$47,2,FALSE),"") | AA16: =IFERROR(24*IF(Z16>0,Z16-Y16,0),0) -> 0 | AE16: 08:00a | AF16: 0.33333333
B17: ='paste report'!A17 -> 1275 | C17: ='paste report'!B17 -> Da-yeon | D17: ='paste report'!C17 -> Oh | E17: =VLOOKUP(B17,Team!$B$4:$F$183,5,FALSE) -> CAS | F17: =I17+L17+O17+R17+U17+X17+AA17 -> 0 | G17: =_xlfn.IFNA(VLOOKUP(LEFT('paste report'!E17,6),$AE$10:$AF$47,2,FALSE),"") | H17: =_xlfn.IFNA(VLOOKUP(RIGHT('paste report'!E17,6),$AE$10:$AF$47,2,FALSE),"") | I17: =IFERROR(24*IF(H17>0,H17-G17,0),0) -> 0 | J17: =_xlfn.IFNA(VLOOKUP(LEFT('paste report'!F17,6),$AE$10:$AF$47,2,FALSE),"") | K17: =_xlfn.IFNA(VLOOKUP(RIGHT('paste report'!F17,6),$AE$10:$AF$47,2,FALSE),"") | L17: =IFERROR(24*IF(K17>0,K17-J17,0),0) -> 0 | M17: =_xlfn.IFNA(VLOOKUP(LEFT('paste report'!G17,6),$AE$10:$AF$47,2,FALSE),"") | N17: =_xlfn.IFNA(VLOOKUP(RIGHT('paste report'!G17,6),$AE$10:$AF$47,2,FALSE),"") | O17: =IFERROR(24*IF(N17>0,N17-M17,0),0) -> 0 | P17: =_xlfn.IFNA(VLOOKUP(LEFT('paste report'!H17,6),$AE$10:$AF$47,2,FALSE),"") | Q17: =_xlfn.IFNA(VLOOKUP(RIGHT('paste report'!H17,6),$AE$10:$AF$47,2,FALSE),"") | R17: =IFERROR(24*IF(Q17>0,Q17-P17,0),0) -> 0 | S17: =_xlfn.IFNA(VLOOKUP(LEFT('paste report'!I17,6),$AE$10:$AF$47,2,FALSE),"") | T17: =_xlfn.IFNA(VLOOKUP(RIGHT('paste report'!I17,6),$AE$10:$AF$47,2,FALSE),"") | U17: =IFERROR(24*IF(T17>0,T17-S17,0),0) -> 0 | V17: =_xlfn.IFNA(VLOOKUP(LEFT('paste report'!J17,6),$AE$10:$AF$47,2,FALSE),"") | W17: =_xlfn.IFNA(VLOOKUP(RIGHT('paste report'!J17,6),$AE$10:$AF$47,2,FALSE),"") | X17: =IFERROR(24*IF(W17>0,W17-V17,0),0) -> 0 | Y17: =_xlfn.IFNA(VLOOKUP(LEFT('paste report'!K17,6),$AE$10:$AF$47,2,FALSE),"") | Z17: =_xlfn.IFNA(VLOOKUP(RIGHT('paste report'!K17,6),$AE$10:$AF$47,2,FALSE),"") | AA17: =IFERROR(24*IF(Z17>0,Z17-Y17,0),0) -> 0 | AE17: 08:30a | AF17: 0.35416667
B18: ='paste report'!A18 -> 1258 | C18: ='paste report'!B18 -> Dennis | D18: ='paste report'!C18 -> Kim | E18: =VLOOKUP(B18,Team!$B$4:$F$183,5,FALSE) -> CAS | F18: =I18+L18+O18+R18+U18+X18+AA18 -> 5 | G18: =_xlfn.IFNA(VLOOKUP(LEFT('paste report'!E18,6),$AE$10:$AF$47,2,FALSE),"") | H18: =_xlfn.IFNA(VLOOKUP(RIGHT('paste report'!E18,6),$AE$10:$AF$47,2,FALSE),"") | I18: =IFERROR(24*IF(H18>0,H18-G18,0),0) -> 0 | J18: =_xlfn.IFNA(VLOOKUP(LEFT('paste report'!F18,6),$AE$10:$AF$47,2,FALSE),"") | K18: =_xlfn.IFNA(VLOOKUP(RIGHT('paste report'!F18,6),$AE$10:$AF$47,2,FALSE),"") | L18: =IFERROR(24*IF(K18>0,K18-J18,0),0) -> 0 | M18: =_xlfn.IFNA(VLOOKUP(LEFT('paste report'!G18,6),$AE$10:$AF$47,2,FALSE),"") | N18: =_xlfn.IFNA(VLOOKUP(RIGHT('paste report'!G18,6),$AE$10:$AF$47,2,FALSE),"") | O18: =IFERROR(24*IF(N18>0,N18-M18,0),0) -> 0 | P18: =_xlfn.IFNA(VLOOKUP(LEFT('paste report'!H18,6),$AE$10:$AF$47,2,FALSE),"") | Q18: =_xlfn.IFNA(VLOOKUP(RIGHT('paste report'!H18,6),$AE$10:$AF$47,2,FALSE),"") | R18: =IFERROR(24*IF(Q18>0,Q18-P18,0),0) -> 0 | S18: =_xlfn.IFNA(VLOOKUP(LEFT('paste report'!I18,6),$AE$10:$AF$47,2,FALSE),"") | T18: =_xlfn.IFNA(VLOOKUP(RIGHT('paste report'!I18,6),$AE$10:$AF$47,2,FALSE),"") | U18: =IFERROR(24*IF(T18>0,T18-S18,0),0) -> 0 | V18: =_xlfn.IFNA(VLOOKUP(LEFT('paste report'!J18,6),$AE$10:$AF$47,2,FALSE),"") -> 0.625 | W18: =_xlfn.IFNA(VLOOKUP(RIGHT('paste report'!J18,6),$AE$10:$AF$47,2,FALSE),"") -> 0.83333333 | X18: =IFERROR(24*IF(W18>0,W18-V18,0),0) -> 5 | Y18: =_xlfn.IFNA(VLOOKUP(LEFT('paste report'!K18,6),$AE$10:$AF$47,2,FALSE),"") | Z18: =_xlfn.IFNA(VLOOKUP(RIGHT('paste report'!K18,6),$AE$10:$AF$47,2,FALSE),"") | AA18: =IFERROR(24*IF(Z18>0,Z18-Y18,0),0) -> 0 | AE18: 09:00a | AF18: 0.375
B19: ='paste report'!A19 -> 1131 | C19: ='paste report'!B19 -> Doris | D19: ='paste report'!C19 -> Hou | E19: =VLOOKUP(B19,Team!$B$4:$F$183,5,FALSE) -> CAS | F19: =I19+L19+O19+R19+U19+X19+AA19 -> 0 | G19: =_xlfn.IFNA(VLOOKUP(LEFT('paste report'!E19,6),$AE$10:$AF$47,2,FALSE),"") | H19: =_xlfn.IFNA(VLOOKUP(RIGHT('paste report'!E19,6),$AE$10:$AF$47,2,FALSE),"") | I19: =IFERROR(24*IF(H19>0,H19-G19,0),0) -> 0 | J19: =_xlfn.IFNA(VLOOKUP(LEFT('paste report'!F19,6),$AE$10:$AF$47,2,FALSE),"") | K19: =_xlfn.IFNA(VLOOKUP(RIGHT('paste report'!F19,6),$AE$10:$AF$47,2,FALSE),"") | L19: =IFERROR(24*IF(K19>0,K19-J19,0),0) -> 0 | M19: =_xlfn.IFNA(VLOOKUP(LEFT('paste report'!G19,6),$AE$10:$AF$47,2,FALSE),"") | N19: =_xlfn.IFNA(VLOOKUP(RIGHT('paste report'!G19,6),$AE$10:$AF$47,2,FALSE),"") | O19: =IFERROR(24*IF(N19>0,N19-M19,0),0) -> 0 | P19: =_xlfn.IFNA(VLOOKUP(LEFT('paste report'!H19,6),$AE$10:$AF$47,2,FALSE),"") | Q19: =_xlfn.IFNA(VLOOKUP(RIGHT('paste report'!H19,6),$AE$10:$AF$47,2,FALSE),"") | R19: =IFERROR(24*IF(Q19>0,Q19-P19,0),0) -> 0 | S19: =_xlfn.IFNA(VLOOKUP(LEFT('paste report'!I19,6),$AE$10:$AF$47,2,FALSE),"") | T19: =_xlfn.IFNA(VLOOKUP(RIGHT('paste report'!I19,6),$AE$10:$AF$47,2,FALSE),"") | U19: =IFERROR(24*IF(T19>0,T19-S19,0),0) -> 0 | V19: =_xlfn.IFNA(VLOOKUP(LEFT('paste report'!J19,6),$AE$10:$AF$47,2,FALSE),"") | W19: =_xlfn.IFNA(VLOOKUP(RIGHT('paste report'!J19,6),$AE$10:$AF$47,2,FALSE),"") | X19: =IFERROR(24*IF(W19>0,W19-V19,0),0) -> 0 | Y19: =_xlfn.IFNA(VLOOKUP(LEFT('paste report'!K19,6),$AE$10:$AF$47,2,FALSE),"") | Z19: =_xlfn.IFNA(VLOOKUP(RIGHT('paste report'!K19,6),$AE$10:$AF$47,2,FALSE),"") | AA19: =IFERROR(24*IF(Z19>0,Z19-Y19,0),0) -> 0 | AE19: 09:30a | AF19: 0.39583333
B20: ='paste report'!A20 -> 01601 | C20: ='paste report'!B20 -> Dorothy | D20: ='paste report'!C20 -> Choi | E20: =VLOOKUP(B20,Team!$B$4:$F$183,5,FALSE) -> CAS | F20: =I20+L20+O20+R20+U20+X20+AA20 -> 8 | G20: =_xlfn.IFNA(VLOOKUP(LEFT('paste report'!E20,6),$AE$10:$AF$47,2,FALSE),"") | H20: =_xlfn.IFNA(VLOOKUP(RIGHT('paste report'!E20,6),$AE$10:$AF$47,2,FALSE),"") | I20: =IFERROR(24*IF(H20>0,H20-G20,0),0) -> 0 | J20: =_xlfn.IFNA(VLOOKUP(LEFT('paste report'!F20,6),$AE$10:$AF$47,2,FALSE),"") | K20: =_xlfn.IFNA(VLOOKUP(RIGHT('paste report'!F20,6),$AE$10:$AF$47,2,FALSE),"") | L20: =IFERROR(24*IF(K20>0,K20-J20,0),0) -> 0 | M20: =_xlfn.IFNA(VLOOKUP(LEFT('paste report'!G20,6),$AE$10:$AF$47,2,FALSE),"") | N20: =_xlfn.IFNA(VLOOKUP(RIGHT('paste report'!G20,6),$AE$10:$AF$47,2,FALSE),"") | O20: =IFERROR(24*IF(N20>0,N20-M20,0),0) -> 0 | P20: =_xlfn.IFNA(VLOOKUP(LEFT('paste report'!H20,6),$AE$10:$AF$47,2,FALSE),"") | Q20: =_xlfn.IFNA(VLOOKUP(RIGHT('paste report'!H20,6),$AE$10:$AF$47,2,FALSE),"") | R20: =IFERROR(24*IF(Q20>0,Q20-P20,0),0) -> 0 | S20: =_xlfn.IFNA(VLOOKUP(LEFT('paste report'!I20,6),$AE$10:$AF$47,2,FALSE),"") | T20: =_xlfn.IFNA(VLOOKUP(RIGHT('paste report'!I20,6),$AE$10:$AF$47,2,FALSE),"") | U20: =IFERROR(24*IF(T20>0,T20-S20,0),0) -> 0 | V20: =_xlfn.IFNA(VLOOKUP(LEFT('paste report'!J20,6),$AE$10:$AF$47,2,FALSE),"") -> 0.45833333 | W20: =_xlfn.IFNA(VLOOKUP(RIGHT('paste report'!J20,6),$AE$10:$AF$47,2,FALSE),"") -> 0.79166667 | X20: =IFERROR(24*IF(W20>0,W20-V20,0),0) -> 8 | Y20: =_xlfn.IFNA(VLOOKUP(LEFT('paste report'!K20,6),$AE$10:$AF$47,2,FALSE),"") | Z20: =_xlfn.IFNA(VLOOKUP(RIGHT('paste report'!K20,6),$AE$10:$AF$47,2,FALSE),"") | AA20: =IFERROR(24*IF(Z20>0,Z20-Y20,0),0) -> 0 | AE20: 10:00a | AF20: 0.41666667
B21: ='paste report'!A21 -> 01506 | C21: ='paste report'!B21 -> Duke | D21: ='paste report'!C21 -> Trac | E21: =VLOOKUP(B21,Team!$B$4:$F$183,5,FALSE) -> PT | F21: =I21+L21+O21+R21+U21+X21+AA21 -> 24 | G21: =_xlfn.IFNA(VLOOKUP(LEFT('paste report'!E21,6),$AE$10:$AF$47,2,FALSE),"") | H21: =_xlfn.IFNA(VLOOKUP(RIGHT('paste report'!E21,6),$AE$10:$AF$47,2,FALSE),"") | I21: =IFERROR(24*IF(H21>0,H21-G21,0),0) -> 0 | J21: =_xlfn.IFNA(VLOOKUP(LEFT('paste report'!F21,6),$AE$10:$AF$47,2,FALSE),"") | K21: =_xlfn.IFNA(VLOOKUP(RIGHT('paste report'!F21,6),$AE$10:$AF$47,2,FALSE),"") | L21: =IFERROR(24*IF(K21>0,K21-J21,0),0) -> 0 | M21: =_xlfn.IFNA(VLOOKUP(LEFT('paste report'!G21,6),$AE$10:$AF$47,2,FALSE),"") | N21: =_xlfn.IFNA(VLOOKUP(RIGHT('paste report'!G21,6),$AE$10:$AF$47,2,FALSE),"") | O21: =IFERROR(24*IF(N21>0,N21-M21,0),0) -> 0 | P21: =_xlfn.IFNA(VLOOKUP(LEFT('paste report'!H21,6),$AE$10:$AF$47,2,FALSE),"") -> 0.58333333 | Q21: =_xlfn.IFNA(VLOOKUP(RIGHT('paste report'!H21,6),$AE$10:$AF$47,2,FALSE),"") -> 0.91666667 | R21: =IFERROR(24*IF(Q21>0,Q21-P21,0),0) -> 8 | S21: =_xlfn.IFNA(VLOOKUP(LEFT('paste report'!I21,6),$AE$10:$AF$47,2,FALSE),"") | T21: =_xlfn.IFNA(VLOOKUP(RIGHT('paste report'!I21,6),$AE$10:$AF$47,2,FALSE),"") | U21: =IFERROR(24*IF(T21>0,T21-S21,0),0) -> 0 | V21: =_xlfn.IFNA(VLOOKUP(LEFT('paste report'!J21,6),$AE$10:$AF$47,2,FALSE),"") -> 0.5 | W21: =_xlfn.IFNA(VLOOKUP(RIGHT('paste report'!J21,6),$AE$10:$AF$47,2,FALSE),"") -> 0.83333333 | X21: =IFERROR(24*IF(W21>0,W21-V21,0),0) -> 8 | Y21: =_xlfn.IFNA(VLOOKUP(LEFT('paste report'!K21,6),$AE$10:$AF$47,2,FALSE),"") -> 0.5 | Z21: =_xlfn.IFNA(VLOOKUP(RIGHT('paste report'!K21,6),$AE$10:$AF$47,2,FALSE),"") -> 0.83333333 | AA21: =IFERROR(24*IF(Z21>0,Z21-Y21,0),0) -> 8 | AE21: 10:30a | AF21: 0.4375
... B47: ='paste report'!A47 -> 01529 | C47: ='paste report'!B47 -> Natalie N. | D47: ='paste report'!C47 -> Nguyen | E47: =VLOOKUP(B47,Team!$B$4:$F$183,5,FALSE) -> CAS | F47: =I47+L47+O47+R47+U47+X47+AA47 -> 24 | G47: =_xlfn.IFNA(VLOOKUP(LEFT('paste report'!E47,6),$AE$10:$AF$47,2,FALSE),"") -> 0.45833333 | H47: =_xlfn.IFNA(VLOOKUP(RIGHT('paste report'!E47,6),$AE$10:$AF$47,2,FALSE),"") -> 0.79166667 | I47: =IFERROR(24*IF(H47>0,H47-G47,0),0) -> 8 | J47: =_xlfn.IFNA(VLOOKUP(LEFT('paste report'!F47,6),$AE$10:$AF$47,2,FALSE),"") | K47: =_xlfn.IFNA(VLOOKUP(RIGHT('paste report'!F47,6),$AE$10:$AF$47,2,FALSE),"") | L47: =IFERROR(24*IF(K47>0,K47-J47,0),0) -> 0 | M47: =_xlfn.IFNA(VLOOKUP(LEFT('paste report'!G47,6),$AE$10:$AF$47,2,FALSE),"") | N47: =_xlfn.IFNA(VLOOKUP(RIGHT('paste report'!G47,6),$AE$10:$AF$47,2,FALSE),"") | O47: =IFERROR(24*IF(N47>0,N47-M47,0),0) -> 0 | P47: =_xlfn.IFNA(VLOOKUP(LEFT('paste report'!H47,6),$AE$10:$AF$47,2,FALSE),"") | Q47: =_xlfn.IFNA(VLOOKUP(RIGHT('paste report'!H47,6),$AE$10:$AF$47,2,FALSE),"") | R47: =IFERROR(24*IF(Q47>0,Q47-P47,0),0) -> 0 | S47: =_xlfn.IFNA(VLOOKUP(LEFT('paste report'!I47,6),$AE$10:$AF$47,2,FALSE),"") -> 0.35416667 | T47: =_xlfn.IFNA(VLOOKUP(RIGHT('paste report'!I47,6),$AE$10:$AF$47,2,FALSE),"") -> 0.6875 | U47: =IFERROR(24*IF(T47>0,T47-S47,0),0) -> 8 | V47: =_xlfn.IFNA(VLOOKUP(LEFT('paste report'!J47,6),$AE$10:$AF$47,2,FALSE),"") -> 0.5 | W47: =_xlfn.IFNA(VLOOKUP(RIGHT('paste report'!J47,6),$AE$10:$AF$47,2,FALSE),"") -> 0.83333333 | X47: =IFERROR(24*IF(W47>0,W47-V47,0),0) -> 8 | Y47: =_xlfn.IFNA(VLOOKUP(LEFT('paste report'!K47,6),$AE$10:$AF$47,2,FALSE),"") | Z47: =_xlfn.IFNA(VLOOKUP(RIGHT('paste report'!K47,6),$AE$10:$AF$47,2,FALSE),"") | AA47: =IFERROR(24*IF(Z47>0,Z47-Y47,0),0) -> 0 | AE47: 11:30p | AF47: 0.97916667
B48: ='paste report'!A48 -> 1257 | C48: ='paste report'!B48 -> Noreen | D48: ='paste report'!C48 -> De Vera | E48: =VLOOKUP(B48,Team!$B$4:$F$183,5,FALSE) -> CAS | F48: =I48+L48+O48+R48+U48+X48+AA48 -> 0 | G48: =_xlfn.IFNA(VLOOKUP(LEFT('paste report'!E48,6),$AE$10:$AF$47,2,FALSE),"") | H48: =_xlfn.IFNA(VLOOKUP(RIGHT('paste report'!E48,6),$AE$10:$AF$47,2,FALSE),"") | I48: =IFERROR(24*IF(H48>0,H48-G48,0),0) -> 0 | J48: =_xlfn.IFNA(VLOOKUP(LEFT('paste report'!F48,6),$AE$10:$AF$47,2,FALSE),"") | K48: =_xlfn.IFNA(VLOOKUP(RIGHT('paste report'!F48,6),$AE$10:$AF$47,2,FALSE),"") | L48: =IFERROR(24*IF(K48>0,K48-J48,0),0) -> 0 | M48: =_xlfn.IFNA(VLOOKUP(LEFT('paste report'!G48,6),$AE$10:$AF$47,2,FALSE),"") | N48: =_xlfn.IFNA(VLOOKUP(RIGHT('paste report'!G48,6),$AE$10:$AF$47,2,FALSE),"") | O48: =IFERROR(24*IF(N48>0,N48-M48,0),0) -> 0 | P48: =_xlfn.IFNA(VLOOKUP(LEFT('paste report'!H48,6),$AE$10:$AF$47,2,FALSE),"") | Q48: =_xlfn.IFNA(VLOOKUP(RIGHT('paste report'!H48,6),$AE$10:$AF$47,2,FALSE),"") | R48: =IFERROR(24*IF(Q48>0,Q48-P48,0),0) -> 0 | S48: =_xlfn.IFNA(VLOOKUP(LEFT('paste report'!I48,6),$AE$10:$AF$47,2,FALSE),"") | T48: =_xlfn.IFNA(VLOOKUP(RIGHT('paste report'!I48,6),$AE$10:$AF$47,2,FALSE),"") | U48: =IFERROR(24*IF(T48>0,T48-S48,0),0) -> 0 | V48: =_xlfn.IFNA(VLOOKUP(LEFT('paste report'!J48,6),$AE$10:$AF$47,2,FALSE),"") | W48: =_xlfn.IFNA(VLOOKUP(RIGHT('paste report'!J48,6),$AE$10:$AF$47,2,FALSE),"") | X48: =IFERROR(24*IF(W48>0,W48-V48,0),0) -> 0 | Y48: =_xlfn.IFNA(VLOOKUP(LEFT('paste report'!K48,6),$AE$10:$AF$47,2,FALSE),"") | Z48: =_xlfn.IFNA(VLOOKUP(RIGHT('paste report'!K48,6),$AE$10:$AF$47,2,FALSE),"") | AA48: =IFERROR(24*IF(Z48>0,Z48-Y48,0),0) -> 0
B49: ='paste report'!A49 -> 1287 | C49: ='paste report'!B49 -> Pearl | D49: ='paste report'!C49 -> Lin | E49: =VLOOKUP(B49,Team!$B$4:$F$183,5,FALSE) -> PT | F49: =I49+L49+O49+R49+U49+X49+AA49 -> 0 | G49: =_xlfn.IFNA(VLOOKUP(LEFT('paste report'!E49,6),$AE$10:$AF$47,2,FALSE),"") | H49: =_xlfn.IFNA(VLOOKUP(RIGHT('paste report'!E49,6),$AE$10:$AF$47,2,FALSE),"") | I49: =IFERROR(24*IF(H49>0,H49-G49,0),0) -> 0 | J49: =_xlfn.IFNA(VLOOKUP(LEFT('paste report'!F49,6),$AE$10:$AF$47,2,FALSE),"") | K49: =_xlfn.IFNA(VLOOKUP(RIGHT('paste report'!F49,6),$AE$10:$AF$47,2,FALSE),"") | L49: =IFERROR(24*IF(K49>0,K49-J49,0),0) -> 0 | M49: =_xlfn.IFNA(VLOOKUP(LEFT('paste report'!G49,6),$AE$10:$AF$47,2,FALSE),"") | N49: =_xlfn.IFNA(VLOOKUP(RIGHT('paste report'!G49,6),$AE$10:$AF$47,2,FALSE),"") | O49: =IFERROR(24*IF(N49>0,N49-M49,0),0) -> 0 | P49: =_xlfn.IFNA(VLOOKUP(LEFT('paste report'!H49,6),$AE$10:$AF$47,2,FALSE),"") | Q49: =_xlfn.IFNA(VLOOKUP(RIGHT('paste report'!H49,6),$AE$10:$AF$47,2,FALSE),"") | R49: =IFERROR(24*IF(Q49>0,Q49-P49,0),0) -> 0 | S49: =_xlfn.IFNA(VLOOKUP(LEFT('paste report'!I49,6),$AE$10:$AF$47,2,FALSE),"") | T49: =_xlfn.IFNA(VLOOKUP(RIGHT('paste report'!I49,6),$AE$10:$AF$47,2,FALSE),"") | U49: =IFERROR(24*IF(T49>0,T49-S49,0),0) -> 0 | V49: =_xlfn.IFNA(VLOOKUP(LEFT('paste report'!J49,6),$AE$10:$AF$47,2,FALSE),"") | W49: =_xlfn.IFNA(VLOOKUP(RIGHT('paste report'!J49,6),$AE$10:$AF$47,2,FALSE),"") | X49: =IFERROR(24*IF(W49>0,W49-V49,0),0) -> 0 | Y49: =_xlfn.IFNA(VLOOKUP(LEFT('paste report'!K49,6),$AE$10:$AF$47,2,FALSE),"") | Z49: =_xlfn.IFNA(VLOOKUP(RIGHT('paste report'!K49,6),$AE$10:$AF$47,2,FALSE),"") | AA49: =IFERROR(24*IF(Z49>0,Z49-Y49,0),0) -> 0
B50: ='paste report'!A50 -> 1232 | C50: ='paste report'!B50 -> Penny | D50: ='paste report'!C50 -> Rabena | E50: =VLOOKUP(B50,Team!$B$4:$F$183,5,FALSE) -> CAS | F50: =I50+L50+O50+R50+U50+X50+AA50 -> 0 | G50: =_xlfn.IFNA(VLOOKUP(LEFT('paste report'!E50,6),$AE$10:$AF$47,2,FALSE),"") | H50: =_xlfn.IFNA(VLOOKUP(RIGHT('paste report'!E50,6),$AE$10:$AF$47,2,FALSE),"") | I50: =IFERROR(24*IF(H50>0,H50-G50,0),0) -> 0 | J50: =_xlfn.IFNA(VLOOKUP(LEFT('paste report'!F50,6),$AE$10:$AF$47,2,FALSE),"") | K50: =_xlfn.IFNA(VLOOKUP(RIGHT('paste report'!F50,6),$AE$10:$AF$47,2,FALSE),"") | L50: =IFERROR(24*IF(K50>0,K50-J50,0),0) -> 0 | M50: =_xlfn.IFNA(VLOOKUP(LEFT('paste report'!G50,6),$AE$10:$AF$47,2,FALSE),"") | N50: =_xlfn.IFNA(VLOOKUP(RIGHT('paste report'!G50,6),$AE$10:$AF$47,2,FALSE),"") | O50: =IFERROR(24*IF(N50>0,N50-M50,0),0) -> 0 | P50: =_xlfn.IFNA(VLOOKUP(LEFT('paste report'!H50,6),$AE$10:$AF$47,2,FALSE),"") | Q50: =_xlfn.IFNA(VLOOKUP(RIGHT('paste report'!H50,6),$AE$10:$AF$47,2,FALSE),"") | R50: =IFERROR(24*IF(Q50>0,Q50-P50,0),0) -> 0 | S50: =_xlfn.IFNA(VLOOKUP(LEFT('paste report'!I50,6),$AE$10:$AF$47,2,FALSE),"") | T50: =_xlfn.IFNA(VLOOKUP(RIGHT('paste report'!I50,6),$AE$10:$AF$47,2,FALSE),"") | U50: =IFERROR(24*IF(T50>0,T50-S50,0),0) -> 0 | V50: =_xlfn.IFNA(VLOOKUP(LEFT('paste report'!J50,6),$AE$10:$AF$47,2,FALSE),"") | W50: =_xlfn.IFNA(VLOOKUP(RIGHT('paste report'!J50,6),$AE$10:$AF$47,2,FALSE),"") | X50: =IFERROR(24*IF(W50>0,W50-V50,0),0) -> 0 | Y50: =_xlfn.IFNA(VLOOKUP(LEFT('paste report'!K50,6),$AE$10:$AF$47,2,FALSE),"") | Z50: =_xlfn.IFNA(VLOOKUP(RIGHT('paste report'!K50,6),$AE$10:$AF$47,2,FALSE),"") | AA50: =IFERROR(24*IF(Z50>0,Z50-Y50,0),0) -> 0
B51: ='paste report'!A51 -> 303 | C51: ='paste report'!B51 -> Rachel | D51: ='paste report'!C51 -> Seeto | E51: =VLOOKUP(B51,Team!$B$4:$F$183,5,FALSE) -> PT | F51: =I51+L51+O51+R51+U51+X51+AA51 -> 7 | G51: =_xlfn.IFNA(VLOOKUP(LEFT('paste report'!E51,6),$AE$10:$AF$47,2,FALSE),"") | H51: =_xlfn.IFNA(VLOOKUP(RIGHT('paste report'!E51,6),$AE$10:$AF$47,2,FALSE),"") | I51: =IFERROR(24*IF(H51>0,H51-G51,0),0) -> 0 | J51: =_xlfn.IFNA(VLOOKUP(LEFT('paste report'!F51,6),$AE$10:$AF$47,2,FALSE),"") | K51: =_xlfn.IFNA(VLOOKUP(RIGHT('paste report'!F51,6),$AE$10:$AF$47,2,FALSE),"") | L51: =IFERROR(24*IF(K51>0,K51-J51,0),0) -> 0 | M51: =_xlfn.IFNA(VLOOKUP(LEFT('paste report'!G51,6),$AE$10:$AF$47,2,FALSE),"") | N51: =_xlfn.IFNA(VLOOKUP(RIGHT('paste report'!G51,6),$AE$10:$AF$47,2,FALSE),"") | O51: =IFERROR(24*IF(N51>0,N51-M51,0),0) -> 0 | P51: =_xlfn.IFNA(VLOOKUP(LEFT('paste report'!H51,6),$AE$10:$AF$47,2,FALSE),"") | Q51: =_xlfn.IFNA(VLOOKUP(RIGHT('paste report'!H51,6),$AE$10:$AF$47,2,FALSE),"") | R51: =IFERROR(24*IF(Q51>0,Q51-P51,0),0) -> 0 | S51: =_xlfn.IFNA(VLOOKUP(LEFT('paste report'!I51,6),$AE$10:$AF$47,2,FALSE),"") -> 0.35416667 | T51: =_xlfn.IFNA(VLOOKUP(RIGHT('paste report'!I51,6),$AE$10:$AF$47,2,FALSE),"") -> 0.64583333 | U51: =IFERROR(24*IF(T51>0,T51-S51,0),0) -> 7 | V51: =_xlfn.IFNA(VLOOKUP(LEFT('paste report'!J51,6),$AE$10:$AF$47,2,FALSE),"") | W51: =_xlfn.IFNA(VLOOKUP(RIGHT('paste report'!J51,6),$AE$10:$AF$47,2,FALSE),"") | X51: =IFERROR(24*IF(W51>0,W51-V51,0),0) -> 0 | Y51: =_xlfn.IFNA(VLOOKUP(LEFT('paste report'!K51,6),$AE$10:$AF$47,2,FALSE),"") | Z51: =_xlfn.IFNA(VLOOKUP(RIGHT('paste report'!K51,6),$AE$10:$AF$47,2,FALSE),"") | AA51: =IFERROR(24*IF(Z51>0,Z51-Y51,0),0) -> 0
B52: ='paste report'!A52 -> 1142 | C52: ='paste report'!B52 -> Ralph | D52: ='paste report'!C52 -> Deoferio | E52: =VLOOKUP(B52,Team!$B$4:$F$183,5,FALSE) -> FT | F52: =I52+L52+O52+R52+U52+X52+AA52 -> 0 | G52: =_xlfn.IFNA(VLOOKUP(LEFT('paste report'!E52,6),$AE$10:$AF$47,2,FALSE),"") | H52: =_xlfn.IFNA(VLOOKUP(RIGHT('paste report'!E52,6),$AE$10:$AF$47,2,FALSE),"") | I52: =IFERROR(24*IF(H52>0,H52-G52,0),0) -> 0 | J52: =_xlfn.IFNA(VLOOKUP(LEFT('paste report'!F52,6),$AE$10:$AF$47,2,FALSE),"") | K52: =_xlfn.IFNA(VLOOKUP(RIGHT('paste report'!F52,6),$AE$10:$AF$47,2,FALSE),"") | L52: =IFERROR(24*IF(K52>0,K52-J52,0),0) -> 0 | M52: =_xlfn.IFNA(VLOOKUP(LEFT('paste report'!G52,6),$AE$10:$AF$47,2,FALSE),"") | N52: =_xlfn.IFNA(VLOOKUP(RIGHT('paste report'!G52,6),$AE$10:$AF$47,2,FALSE),"") | O52: =IFERROR(24*IF(N52>0,N52-M52,0),0) -> 0 | P52: =_xlfn.IFNA(VLOOKUP(LEFT('paste report'!H52,6),$AE$10:$AF$47,2,FALSE),"") | Q52: =_xlfn.IFNA(VLOOKUP(RIGHT('paste report'!H52,6),$AE$10:$AF$47,2,FALSE),"") | R52: =IFERROR(24*IF(Q52>0,Q52-P52,0),0) -> 0 | S52: =_xlfn.IFNA(VLOOKUP(LEFT('paste report'!I52,6),$AE$10:$AF$47,2,FALSE),"") | T52: =_xlfn.IFNA(VLOOKUP(RIGHT('paste report'!I52,6),$AE$10:$AF$47,2,FALSE),"") | U52: =IFERROR(24*IF(T52>0,T52-S52,0),0) -> 0 | V52: =_xlfn.IFNA(VLOOKUP(LEFT('paste report'!J52,6),$AE$10:$AF$47,2,FALSE),"") | W52: =_xlfn.IFNA(VLOOKUP(RIGHT('paste report'!J52,6),$AE$10:$AF$47,2,FALSE),"") | X52: =IFERROR(24*IF(W52>0,W52-V52,0),0) -> 0 | Y52: =_xlfn.IFNA(VLOOKUP(LEFT('paste report'!K52,6),$AE$10:$AF$47,2,FALSE),"") | Z52: =_xlfn.IFNA(VLOOKUP(RIGHT('paste report'!K52,6),$AE$10:$AF$47,2,FALSE),"") | AA52: =IFERROR(24*IF(Z52>0,Z52-Y52,0),0) -> 0
B53: ='paste report'!A53 -> 01528 | C53: ='paste report'!B53 -> Rena | D53: ='paste report'!C53 -> Chen | E53: =VLOOKUP(B53,Team!$B$4:$F$183,5,FALSE) -> CAS | F53: =I53+L53+O53+R53+U53+X53+AA53 -> 0 | G53: =_xlfn.IFNA(VLOOKUP(LEFT('paste report'!E53,6),$AE$10:$AF$47,2,FALSE),"") | H53: =_xlfn.IFNA(VLOOKUP(RIGHT('paste report'!E53,6),$AE$10:$AF$47,2,FALSE),"") | I53: =IFERROR(24*IF(H53>0,H53-G53,0),0) -> 0 | J53: =_xlfn.IFNA(VLOOKUP(LEFT('paste report'!F53,6),$AE$10:$AF$47,2,FALSE),"") | K53: =_xlfn.IFNA(VLOOKUP(RIGHT('paste report'!F53,6),$AE$10:$AF$47,2,FALSE),"") | L53: =IFERROR(24*IF(K53>0,K53-J53,0),0) -> 0 | M53: =_xlfn.IFNA(VLOOKUP(LEFT('paste report'!G53,6),$AE$10:$AF$47,2,FALSE),"") | N53: =_xlfn.IFNA(VLOOKUP(RIGHT('paste report'!G53,6),$AE$10:$AF$47,2,FALSE),"") | O53: =IFERROR(24*IF(N53>0,N53-M53,0),0) -> 0 | P53: =_xlfn.IFNA(VLOOKUP(LEFT('paste report'!H53,6),$AE$10:$AF$47,2,FALSE),"") | Q53: =_xlfn.IFNA(VLOOKUP(RIGHT('paste report'!H53,6),$AE$10:$AF$47,2,FALSE),"") | R53: =IFERROR(24*IF(Q53>0,Q53-P53,0),0) -> 0 | S53: =_xlfn.IFNA(VLOOKUP(LEFT('paste report'!I53,6),$AE$10:$AF$47,2,FALSE),"") | T53: =_xlfn.IFNA(VLOOKUP(RIGHT('paste report'!I53,6),$AE$10:$AF$47,2,FALSE),"") | U53: =IFERROR(24*IF(T53>0,T53-S53,0),0) -> 0 | V53: =_xlfn.IFNA(VLOOKUP(LEFT('paste report'!J53,6),$AE$10:$AF$47,2,FALSE),"") | W53: =_xlfn.IFNA(VLOOKUP(RIGHT('paste report'!J53,6),$AE$10:$AF$47,2,FALSE),"") | X53: =IFERROR(24*IF(W53>0,W53-V53,0),0) -> 0 | Y53: =_xlfn.IFNA(VLOOKUP(LEFT('paste report'!K53,6),$AE$10:$AF$47,2,FALSE),"") | Z53: =_xlfn.IFNA(VLOOKUP(RIGHT('paste report'!K53,6),$AE$10:$AF$47,2,FALSE),"") | AA53: =IFERROR(24*IF(Z53>0,Z53-Y53,0),0) -> 0
B54: ='paste report'!A54 -> 1237 | C54: ='paste report'!B54 -> Rich | D54: ='paste report'!C54 -> Ma | E54: =VLOOKUP(B54,Team!$B$4:$F$183,5,FALSE) -> PT | F54: =I54+L54+O54+R54+U54+X54+AA54 -> 24 | G54: =_xlfn.IFNA(VLOOKUP(LEFT('paste report'!E54,6),$AE$10:$AF$47,2,FALSE),"") | H54: =_xlfn.IFNA(VLOOKUP(RIGHT('paste report'!E54,6),$AE$10:$AF$47,2,FALSE),"") | I54: =IFERROR(24*IF(H54>0,H54-G54,0),0) -> 0 | J54: =_xlfn.IFNA(VLOOKUP(LEFT('paste report'!F54,6),$AE$10:$AF$47,2,FALSE),"") | K54: =_xlfn.IFNA(VLOOKUP(RIGHT('paste report'!F54,6),$AE$10:$AF$47,2,FALSE),"") | L54: =IFERROR(24*IF(K54>0,K54-J54,0),0) -> 0 | M54: =_xlfn.IFNA(VLOOKUP(LEFT('paste report'!G54,6),$AE$10:$AF$47,2,FALSE),"") | N54: =_xlfn.IFNA(VLOOKUP(RIGHT('paste report'!G54,6),$AE$10:$AF$47,2,FALSE),"") | O54: =IFERROR(24*IF(N54>0,N54-M54,0),0) -> 0 | P54: =_xlfn.IFNA(VLOOKUP(LEFT('paste report'!H54,6),$AE$10:$AF$47,2,FALSE),"") -> 0.45833333 | Q54: =_xlfn.IFNA(VLOOKUP(RIGHT('paste report'!H54,6),$AE$10:$AF$47,2,FALSE),"") -> 0.79166667 | R54: =IFERROR(24*IF(Q54>0,Q54-P54,0),0) -> 8 | S54: =_xlfn.IFNA(VLOOKUP(LEFT('paste report'!I54,6),$AE$10:$AF$47,2,FALSE),"") -> 0.35416667 | T54: =_xlfn.IFNA(VLOOKUP(RIGHT('paste report'!I54,6),$AE$10:$AF$47,2,FALSE),"") -> 0.6875 | U54: =IFERROR(24*IF(T54>0,T54-S54,0),0) -> 8 | V54: =_xlfn.IFNA(VLOOKUP(LEFT('paste report'!J54,6),$AE$10:$AF$47,2,FALSE),"") -> 0.375 | W54: =_xlfn.IFNA(VLOOKUP(RIGHT('paste report'!J54,6),$AE$10:$AF$47,2,FALSE),"") -> 0.70833333 | X54: =IFERROR(24*IF(W54>0,W54-V54,0),0) -> 8 | Y54: =_xlfn.IFNA(VLOOKUP(LEFT('paste report'!K54,6),$AE$10:$AF$47,2,FALSE),"") | Z54: =_xlfn.IFNA(VLOOKUP(RIGHT('paste report'!K54,6),$AE$10:$AF$47,2,FALSE),"") | AA54: =IFERROR(24*IF(Z54>0,Z54-Y54,0),0) -> 0
B55: ='paste report'!A55 -> 1133 | C55: ='paste report'!B55 -> Sarah | D55: ='paste report'!C55 -> Lee | E55: =VLOOKUP(B55,Team!$B$4:$F$183,5,FALSE) -> CAS | F55: =I55+L55+O55+R55+U55+X55+AA55 -> 0 | G55: =_xlfn.IFNA(VLOOKUP(LEFT('paste report'!E55,6),$AE$10:$AF$47,2,FALSE),"") | H55: =_xlfn.IFNA(VLOOKUP(RIGHT('paste report'!E55,6),$AE$10:$AF$47,2,FALSE),"") | I55: =IFERROR(24*IF(H55>0,H55-G55,0),0) -> 0 | J55: =_xlfn.IFNA(VLOOKUP(LEFT('paste report'!F55,6),$AE$10:$AF$47,2,FALSE),"") | K55: =_xlfn.IFNA(VLOOKUP(RIGHT('paste report'!F55,6),$AE$10:$AF$47,2,FALSE),"") | L55: =IFERROR(24*IF(K55>0,K55-J55,0),0) -> 0 | M55: =_xlfn.IFNA(VLOOKUP(LEFT('paste report'!G55,6),$AE$10:$AF$47,2,FALSE),"") | N55: =_xlfn.IFNA(VLOOKUP(RIGHT('paste report'!G55,6),$AE$10:$AF$47,2,FALSE),"") | O55: =IFERROR(24*IF(N55>0,N55-M55,0),0) -> 0 | P55: =_xlfn.IFNA(VLOOKUP(LEFT('paste report'!H55,6),$AE$10:$AF$47,2,FALSE),"") | Q55: =_xlfn.IFNA(VLOOKUP(RIGHT('paste report'!H55,6),$AE$10:$AF$47,2,FALSE),"") | R55: =IFERROR(24*IF(Q55>0,Q55-P55,0),0) -> 0 | S55: =_xlfn.IFNA(VLOOKUP(LEFT('paste report'!I55,6),$AE$10:$AF$47,2,FALSE),"") | T55: =_xlfn.IFNA(VLOOKUP(RIGHT('paste report'!I55,6),$AE$10:$AF$47,2,FALSE),"") | U55: =IFERROR(24*IF(T55>0,T55-S55,0),0) -> 0 | V55: =_xlfn.IFNA(VLOOKUP(LEFT('paste report'!J55,6),$AE$10:$AF$47,2,FALSE),"") | W55: =_xlfn.IFNA(VLOOKUP(RIGHT('paste report'!J55,6),$AE$10:$AF$47,2,FALSE),"") | X55: =IFERROR(24*IF(W55>0,W55-V55,0),0) -> 0 | Y55: =_xlfn.IFNA(VLOOKUP(LEFT('paste report'!K55,6),$AE$10:$AF$47,2,FALSE),"") | Z55: =_xlfn.IFNA(VLOOKUP(RIGHT('paste report'!K55,6),$AE$10:$AF$47,2,FALSE),"") | AA55: =IFERROR(24*IF(Z55>0,Z55-Y55,0),0) -> 0
B56: ='paste report'!A56 -> 891 | C56: ='paste report'!B56 -> Sienna | D56: ='paste report'!C56 -> Lim | E56: =VLOOKUP(B56,Team!$B$4:$F$183,5,FALSE) -> CAS | F56: =I56+L56+O56+R56+U56+X56+AA56 -> 40.5 | G56: =_xlfn.IFNA(VLOOKUP(LEFT('paste report'!E56,6),$AE$10:$AF$47,2,FALSE),"") -> 0.4375 | H56: =_xlfn.IFNA(VLOOKUP(RIGHT('paste report'!E56,6),$AE$10:$AF$47,2,FALSE),"") -> 0.79166667 | I56: =IFERROR(24*IF(H56>0,H56-G56,0),0) -> 8.5 | J56: =_xlfn.IFNA(VLOOKUP(LEFT('paste report'!F56,6),$AE$10:$AF$47,2,FALSE),"") -> 0.45833333 | K56: =_xlfn.IFNA(VLOOKUP(RIGHT('paste report'!F56,6),$AE$10:$AF$47,2,FALSE),"") -> 0.79166667 | L56: =IFERROR(24*IF(K56>0,K56-J56,0),0) -> 8 | M56: =_xlfn.IFNA(VLOOKUP(LEFT('paste report'!G56,6),$AE$10:$AF$47,2,FALSE),"") -> 0.45833333 | N56: =_xlfn.IFNA(VLOOKUP(RIGHT('paste report'!G56,6),$AE$10:$AF$47,2,FALSE),"") -> 0.79166667 | O56: =IFERROR(24*IF(N56>0,N56-M56,0),0) -> 8 | P56: =_xlfn.IFNA(VLOOKUP(LEFT('paste report'!H56,6),$AE$10:$AF$47,2,FALSE),"") -> 0.58333333 | Q56: =_xlfn.IFNA(VLOOKUP(RIGHT('paste report'!H56,6),$AE$10:$AF$47,2,FALSE),"") -> 0.91666667 | R56: =IFERROR(24*IF(Q56>0,Q56-P56,0),0) -> 8 | S56: =_xlfn.IFNA(VLOOKUP(LEFT('paste report'!I56,6),$AE$10:$AF$47,2,FALSE),"") | T56: =_xlfn.IFNA(VLOOKUP(RIGHT('paste report'!I56,6),$AE$10:$AF$47,2,FALSE),"") | U56: =IFERROR(24*IF(T56>0,T56-S56,0),0) -> 0 | V56: =_xlfn.IFNA(VLOOKUP(LEFT('paste report'!J56,6),$AE$10:$AF$47,2,FALSE),"") | W56: =_xlfn.IFNA(VLOOKUP(RIGHT('paste report'!J56,6),$AE$10:$AF$47,2,FALSE),"") | X56: =IFERROR(24*IF(W56>0,W56-V56,0),0) -> 0 | Y56: =_xlfn.IFNA(VLOOKUP(LEFT('paste report'!K56,6),$AE$10:$AF$47,2,FALSE),"") -> 0.375 | Z56: =_xlfn.IFNA(VLOOKUP(RIGHT('paste report'!K56,6),$AE$10:$AF$47,2,FALSE),"") -> 0.70833333 | AA56: =IFERROR(24*IF(Z56>0,Z56-Y56,0),0) -> 8
B57: ='paste report'!A57 -> 1108 | C57: ='paste report'!B57 -> Tara | D57: ='paste report'!C57 -> Turner | E57: =VLOOKUP(B57,Team!$B$4:$F$183,5,FALSE) -> FT | F57: =I57+L57+O57+R57+U57+X57+AA57 -> 40.5 | G57: =_xlfn.IFNA(VLOOKUP(LEFT('paste report'!E57,6),$AE$10:$AF$47,2,FALSE),"") | H57: =_xlfn.IFNA(VLOOKUP(RIGHT('paste report'!E57,6),$AE$10:$AF$47,2,FALSE),"") | I57: =IFERROR(24*IF(H57>0,H57-G57,0),0) -> 0 | J57: =_xlfn.IFNA(VLOOKUP(LEFT('paste report'!F57,6),$AE$10:$AF$47,2,FALSE),"") -> 0.35416667 | K57: =_xlfn.IFNA(VLOOKUP(RIGHT('paste report'!F57,6),$AE$10:$AF$47,2,FALSE),"") -> 0.70833333 | L57: =IFERROR(24*IF(K57>0,K57-J57,0),0) -> 8.5 | M57: =_xlfn.IFNA(VLOOKUP(LEFT('paste report'!G57,6),$AE$10:$AF$47,2,FALSE),"") -> 0.45833333 | N57: =_xlfn.IFNA(VLOOKUP(RIGHT('paste report'!G57,6),$AE$10:$AF$47,2,FALSE),"") -> 0.79166667 | O57: =IFERROR(24*IF(N57>0,N57-M57,0),0) -> 8 | P57: =_xlfn.IFNA(VLOOKUP(LEFT('paste report'!H57,6),$AE$10:$AF$47,2,FALSE),"") -> 0.5 | Q57: =_xlfn.IFNA(VLOOKUP(RIGHT('paste report'!H57,6),$AE$10:$AF$47,2,FALSE),"") -> 0.83333333 | R57: =IFERROR(24*IF(Q57>0,Q57-P57,0),0) -> 8 | S57: =_xlfn.IFNA(VLOOKUP(LEFT('paste report'!I57,6),$AE$10:$AF$47,2,FALSE),"") -> 0.45833333 | T57: =_xlfn.IFNA(VLOOKUP(RIGHT('paste report'!I57,6),$AE$10:$AF$47,2,FALSE),"") -> 0.79166667 | U57: =IFERROR(24*IF(T57>0,T57-S57,0),0) -> 8 | V57: =_xlfn.IFNA(VLOOKUP(LEFT('paste report'!J57,6),$AE$10:$AF$47,2,FALSE),"") -> 0.375 | W57: =_xlfn.IFNA(VLOOKUP(RIGHT('paste report'!J57,6),$AE$10:$AF$47,2,FALSE),"") -> 0.70833333 | X57: =IFERROR(24*IF(W57>0,W57-V57,0),0) -> 8 | Y57: =_xlfn.IFNA(VLOOKUP(LEFT('paste report'!K57,6),$AE$10:$AF$47,2,FALSE),"") | Z57: =_xlfn.IFNA(VLOOKUP(RIGHT('paste report'!K57,6),$AE$10:$AF$47,2,FALSE),"") | AA57: =IFERROR(24*IF(Z57>0,Z57-Y57,0),0) -> 0
B58: ='paste report'!A58 -> 01521 | C58: ='paste report'!B58 -> Tom | D58: ='paste report'!C58 -> Wu | E58: =VLOOKUP(B58,Team!$B$4:$F$183,5,FALSE) -> CAS | F58: =I58+L58+O58+R58+U58+X58+AA58 -> 0 | G58: =_xlfn.IFNA(VLOOKUP(LEFT('paste report'!E58,6),$AE$10:$AF$47,2,FALSE),"") | H58: =_xlfn.IFNA(VLOOKUP(RIGHT('paste report'!E58,6),$AE$10:$AF$47,2,FALSE),"") | I58: =IFERROR(24*IF(H58>0,H58-G58,0),0) -> 0 | J58: =_xlfn.IFNA(VLOOKUP(LEFT('paste report'!F58,6),$AE$10:$AF$47,2,FALSE),"") | K58: =_xlfn.IFNA(VLOOKUP(RIGHT('paste report'!F58,6),$AE$10:$AF$47,2,FALSE),"") | L58: =IFERROR(24*IF(K58>0,K58-J58,0),0) -> 0 | M58: =_xlfn.IFNA(VLOOKUP(LEFT('paste report'!G58,6),$AE$10:$AF$47,2,FALSE),"") | N58: =_xlfn.IFNA(VLOOKUP(RIGHT('paste report'!G58,6),$AE$10:$AF$47,2,FALSE),"") | O58: =IFERROR(24*IF(N58>0,N58-M58,0),0) -> 0 | P58: =_xlfn.IFNA(VLOOKUP(LEFT('paste report'!H58,6),$AE$10:$AF$47,2,FALSE),"") | Q58: =_xlfn.IFNA(VLOOKUP(RIGHT('paste report'!H58,6),$AE$10:$AF$47,2,FALSE),"") | R58: =IFERROR(24*IF(Q58>0,Q58-P58,0),0) -> 0 | S58: =_xlfn.IFNA(VLOOKUP(LEFT('paste report'!I58,6),$AE$10:$AF$47,2,FALSE),"") | T58: =_xlfn.IFNA(VLOOKUP(RIGHT('paste report'!I58,6),$AE$10:$AF$47,2,FALSE),"") | U58: =IFERROR(24*IF(T58>0,T58-S58,0),0) -> 0 | V58: =_xlfn.IFNA(VLOOKUP(LEFT('paste report'!J58,6),$AE$10:$AF$47,2,FALSE),"") | W58: =_xlfn.IFNA(VLOOKUP(RIGHT('paste report'!J58,6),$AE$10:$AF$47,2,FALSE),"") | X58: =IFERROR(24*IF(W58>0,W58-V58,0),0) -> 0 | Y58: =_xlfn.IFNA(VLOOKUP(LEFT('paste report'!K58,6),$AE$10:$AF$47,2,FALSE),"") | Z58: =_xlfn.IFNA(VLOOKUP(RIGHT('paste report'!K58,6),$AE$10:$AF$47,2,FALSE),"") | AA58: =IFERROR(24*IF(Z58>0,Z58-Y58,0),0) -> 0
B59: ='paste report'!A59 -> 1062 | C59: ='paste report'!B59 -> Tomoko | D59: ='paste report'!C59 -> Shimada | E59: =VLOOKUP(B59,Team!$B$4:$F$183,5,FALSE) -> CAS | F59: =I59+L59+O59+R59+U59+X59+AA59 -> 24 | G59: =_xlfn.IFNA(VLOOKUP(LEFT('paste report'!E59,6),$AE$10:$AF$47,2,FALSE),"") -> 0.35416667 | H59: =_xlfn.IFNA(VLOOKUP(RIGHT('paste report'!E59,6),$AE$10:$AF$47,2,FALSE),"") -> 0.6875 | I59: =IFERROR(24*IF(H59>0,H59-G59,0),0) -> 8 | J59: =_xlfn.IFNA(VLOOKUP(LEFT('paste report'!F59,6),$AE$10:$AF$47,2,FALSE),"") | K59: =_xlfn.IFNA(VLOOKUP(RIGHT('paste report'!F59,6),$AE$10:$AF$47,2,FALSE),"") | L59: =IFERROR(24*IF(K59>0,K59-J59,0),0) -> 0 | M59: =_xlfn.IFNA(VLOOKUP(LEFT('paste report'!G59,6),$AE$10:$AF$47,2,FALSE),"") | N59: =_xlfn.IFNA(VLOOKUP(RIGHT('paste report'!G59,6),$AE$10:$AF$47,2,FALSE),"") | O59: =IFERROR(24*IF(N59>0,N59-M59,0),0) -> 0 | P59: =_xlfn.IFNA(VLOOKUP(LEFT('paste report'!H59,6),$AE$10:$AF$47,2,FALSE),"") | Q59: =_xlfn.IFNA(VLOOKUP(RIGHT('paste report'!H59,6),$AE$10:$AF$47,2,FALSE),"") | R59: =IFERROR(24*IF(Q59>0,Q59-P59,0),0) -> 0 | S59: =_xlfn.IFNA(VLOOKUP(LEFT('paste report'!I59,6),$AE$10:$AF$47,2,FALSE),"") -> 0.35416667 | T59: =_xlfn.IFNA(VLOOKUP(RIGHT('paste report'!I59,6),$AE$10:$AF$47,2,FALSE),"") -> 0.6875 | U59: =IFERROR(24*IF(T59>0,T59-S59,0),0) -> 8 | V59: =_xlfn.IFNA(VLOOKUP(LEFT('paste report'!J59,6),$AE$10:$AF$47,2,FALSE),"") -> 0.5 | W59: =_xlfn.IFNA(VLOOKUP(RIGHT('paste report'!J59,6),$AE$10:$AF$47,2,FALSE),"") -> 0.83333333 | X59: =IFERROR(24*IF(W59>0,W59-V59,0),0) -> 8 | Y59: =_xlfn.IFNA(VLOOKUP(LEFT('paste report'!K59,6),$AE$10:$AF$47,2,FALSE),"") | Z59: =_xlfn.IFNA(VLOOKUP(RIGHT('paste report'!K59,6),$AE$10:$AF$47,2,FALSE),"") | AA59: =IFERROR(24*IF(Z59>0,Z59-Y59,0),0) -> 0
... B97: ='paste report'!A97 -> 0 | C97: ='paste report'!B97 -> 0 | D97: ='paste report'!C97 -> 0 | E97: =VLOOKUP(B97,Team!$B$4:$F$183,5,FALSE) -> #N/A | F97: =I97+L97+O97+R97+U97+X97+AA97 -> 0 | G97: =_xlfn.IFNA(VLOOKUP(LEFT('paste report'!E97,6),$AE$10:$AF$47,2,FALSE),"") | H97: =_xlfn.IFNA(VLOOKUP(RIGHT('paste report'!E97,6),$AE$10:$AF$47,2,FALSE),"") | I97: =IFERROR(24*IF(H97>0,H97-G97,0),0) -> 0 | J97: =_xlfn.IFNA(VLOOKUP(LEFT('paste report'!F97,6),$AE$10:$AF$47,2,FALSE),"") | K97: =_xlfn.IFNA(VLOOKUP(RIGHT('paste report'!F97,6),$AE$10:$AF$47,2,FALSE),"") | L97: =IFERROR(24*IF(K97>0,K97-J97,0),0) -> 0 | M97: =_xlfn.IFNA(VLOOKUP(LEFT('paste report'!G97,6),$AE$10:$AF$47,2,FALSE),"") | N97: =_xlfn.IFNA(VLOOKUP(RIGHT('paste report'!G97,6),$AE$10:$AF$47,2,FALSE),"") | O97: =IFERROR(24*IF(N97>0,N97-M97,0),0) -> 0 | P97: =_xlfn.IFNA(VLOOKUP(LEFT('paste report'!H97,6),$AE$10:$AF$47,2,FALSE),"") | Q97: =_xlfn.IFNA(VLOOKUP(RIGHT('paste report'!H97,6),$AE$10:$AF$47,2,FALSE),"") | R97: =IFERROR(24*IF(Q97>0,Q97-P97,0),0) -> 0 | S97: =_xlfn.IFNA(VLOOKUP(LEFT('paste report'!I97,6),$AE$10:$AF$47,2,FALSE),"") | T97: =_xlfn.IFNA(VLOOKUP(RIGHT('paste report'!I97,6),$AE$10:$AF$47,2,FALSE),"") | U97: =IFERROR(24*IF(T97>0,T97-S97,0),0) -> 0 | V97: =_xlfn.IFNA(VLOOKUP(LEFT('paste report'!J97,6),$AE$10:$AF$47,2,FALSE),"") | W97: =_xlfn.IFNA(VLOOKUP(RIGHT('paste report'!J97,6),$AE$10:$AF$47,2,FALSE),"") | X97: =IFERROR(24*IF(W97>0,W97-V97,0),0) -> 0 | Y97: =_xlfn.IFNA(VLOOKUP(LEFT('paste report'!K97,6),$AE$10:$AF$47,2,FALSE),"") | Z97: =_xlfn.IFNA(VLOOKUP(RIGHT('paste report'!K97,6),$AE$10:$AF$47,2,FALSE),"") | AA97: =IFERROR(24*IF(Z97>0,Z97-Y97,0),0) -> 0

Sheet Mon
T2: Garment | Y2: Household | AD2: Food | AE2: Break | AH2: Customer tasks | AL2: Team | AN2: Cleaning | AT2: Other
T3: M's | U3: L's | V3: K's | W3: M/K | X3: Acc. | Y3: Fab. | Z3: HW | AA3: Stat. | AB3: H&B | AC3: HH | AD3: F | AE3: 40 | AF3: 15 | AG3: 10 | AH3: R | AI3: FR | AJ3: LD | AK3: GR | AL3: H | AM3: MT | AN3: CL | AO3: Mirr. | AP3: Dust | AQ3: Vac. | AR3: CL S | AS3: Bin | AT3: DEL | AU3: RFID | AV3: Emb. | AW3: Tidy
C5: =Weekly!G2 -> Mon Nov 10 | H5: 7 | L5: 8 | P5: 9 | T5: 10 | X5: 11 | AB5: 12 | AF5: 13 | AJ5: 14 | AN5: 15 | AR5: 16 | AV5: 17 | AZ5: 18 | BD5: 19 | BH5: 20 | BL5: 21 | BP5: 22 | BT5: 0.95833333
H6: 00 | I6: 15 | J6: 30 | K6: 45 | L6: 00 | M6: 15 | N6: 30 | O6: 45 | P6: 00 | Q6: 15 | R6: 30 | S6: 45 | T6: 00 | U6: 15 | V6: 30 | W6: 45 | X6: 00 | Y6: 15 | Z6: 30 | AA6: 45 | AB6: 00 | AC6: 15 | AD6: 30 | AE6: 45 | AF6: 00 | AG6: 15 | AH6: 30 | AI6: 45 | AJ6: 00 | AK6: 15 | AL6: 30 | AM6: 45 | AN6: 00 | AO6: 15 | AP6: 30 | AQ6: 45 | AR6: 00 | AS6: 15 | AT6: 30 | AU6: 45 | AV6: 00 | AW6: 15 | AX6: 30 | AY6: 45 | AZ6: 00 | BA6: 15 | BB6: 30 | BC6: 45 | BD6: 00 | BE6: 15 | BF6: 30 | BG6: 45 | BH6: 00 | BI6: 15 | BJ6: 30 | BK6: 45 | BL6: 00 | BM6: 15 | BN6: 30 | BO6: 45 | BP6: 00 | BQ6: 15 | BR6: 30 | BS6: 45
G7: Register | H7: =COUNTIF(H17:H103,"R") -> 0 | I7: =COUNTIF(I17:I103,"R") -> 0 | J7: =COUNTIF(J17:J103,"R") -> 0 | K7: =COUNTIF(K17:K103,"R") -> 0 | L7: =COUNTIF(L17:L103,"R") -> 0 | M7: =COUNTIF(M17:M103,"R") -> 0 | N7: =COUNTIF(N17:N103,"R") -> 0 | O7: =COUNTIF(O17:O103,"R") -> 1 | ... BT7: =COUNTIF(BT17:BT103,"R") -> 0
G8: Fitting room | H8: =COUNTIF(H17:H103,"FR") -> 0 | I8: =COUNTIF(I17:I103,"FR") -> 0 | J8: =COUNTIF(J17:J103,"FR") -> 0 | K8: =COUNTIF(K17:K103,"FR") -> 0 | L8: =COUNTIF(L17:L103,"FR") -> 0 | M8: =COUNTIF(M17:M103,"FR") -> 0 | N8: =COUNTIF(N17:N103,"FR") -> 0 | O8: =COUNTIF(O17:O103,"FR") -> 0 | ... BT8: =COUNTIF(BT17:BT103,"FR") -> 0
G9: Lead | H9: =COUNTIF(H17:H103,"LD") -> 0 | I9: =COUNTIF(I17:I103,"LD") -> 0 | J9: =COUNTIF(J17:J103,"LD") -> 0 | K9: =COUNTIF(K17:K103,"LD") -> 0 | L9: =COUNTIF(L17:L103,"LD") -> 0 | M9: =COUNTIF(M17:M103,"LD") -> 0 | N9: =COUNTIF(N17:N103,"LD") -> 0 | O9: =COUNTIF(O17:O103,"LD") -> 0 | ... BT9: =COUNTIF(BT17:BT103,"LD") -> 0
G10: Greeter | H10: =COUNTIF(H17:H103,"GR") -> 0 | I10: =COUNTIF(I17:I103,"GR") -> 0 | J10: =COUNTIF(J17:J103,"GR") -> 0 | K10: =COUNTIF(K17:K103,"GR") -> 0 | L10: =COUNTIF(L17:L103,"GR") -> 0 | M10: =COUNTIF(M17:M103,"GR") -> 0 | N10: =COUNTIF(N17:N103,"GR") -> 0 | O10: =COUNTIF(O17:O103,"GR") -> 0 | ... BT10: =COUNTIF(BT17:BT103,"GR") -> 0
G11: Total | H11: =COUNTIF(H17:H103,"?*") -> 0 | I11: =COUNTIF(I17:I103,"?*") -> 0 | J11: =COUNTIF(J17:J103,"?*") -> 0 | K11: =COUNTIF(K17:K103,"?*") -> 0 | L11: =COUNTIF(L17:L103,"?*") -> 0 | M11: =COUNTIF(M17:M103,"?*") -> 0 | N11: =COUNTIF(N17:N103,"?*") -> 6 | O11: =COUNTIF(O17:O103,"?*") -> 6 | ... BT11: =COUNTIF(BT17:BT103,"?*") -> 0
H12: 0.29166667 | I12: 0.30208333 | J12: 0.3125 | K12: 0.32291667 | L12: 0.33333333 | M12: 0.34375 | N12: 0.35416667 | O12: 0.36458333 | P12: 0.375 | Q12: 0.38541667 | R12: 0.39583333 | S12: 0.40625 | T12: 0.41666667 | U12: 0.42708333 | V12: 0.4375 | W12: 0.44791667 | X12: 0.45833333 | Y12: 0.46875 | Z12: 0.47916667 | AA12: 0.48958333 | AB12: 0.5 | AC12: 0.51041667 | AD12: 0.52083333 | AE12: 0.53125 | AF12: 0.54166667 | AG12: 0.55208333 | AH12: 0.5625 | AI12: 0.57291667 | AJ12: 0.58333333 | AK12: 0.59375 | AL12: 0.60416667 | AM12: 0.61458333 | AN12: 0.625 | AO12: 0.63541667 | AP12: 0.64583333 | AQ12: 0.65625 | AR12: 0.66666667 | AS12: 0.67708333 | AT12: 0.6875 | AU12: 0.69791667 | AV12: 0.70833333 | AW12: 0.71875 | AX12: 0.72916667 | AY12: 0.73958333 | AZ12: 0.75 | BA12: 0.76041667 | BB12: 0.77083333 | BC12: 0.78125 | BD12: 0.79166667 | BE12: 0.80208333 | BF12: 0.8125 | BG12: 0.82291667 | BH12: 0.83333333 | BI12: 0.84375 | BJ12: 0.85416667 | BK12: 0.86458333 | BL12: 0.875 | BM12: 0.88541667 | BN12: 0.89583333 | BO12: 0.90625 | BP12: 0.91666667 | BQ12: 0.92708333 | BR12: 0.9375 | BS12: 0.94791667 | BT12: 0.95833333
H14: 7 | L14: 8 | P14: 9 | T14: 10 | X14: 11 | AB14: 12 | AF14: 13 | AJ14: 14 | AN14: 15 | AR14: 16 | AV14: 17 | AZ14: 18 | BD14: 19 | BH14: 20 | BL14: 21 | BP14: 22
B15: ID | C15: First Name | D15: Last Name | E15: Dept | F15: Start | G15: Finish | H15: 00 | I15: 15 | J15: 30 | K15: 45 | L15: 00 | M15: 15 | N15: 30 | O15: 45 | P15: 00 | Q15: 15 | R15: 30 | S15: 45 | T15: 00 | U15: 15 | V15: 30 | W15: 45 | X15: 00 | Y15: 15 | Z15: 30 | AA15: 45 | AB15: 00 | AC15: 15 | AD15: 30 | AE15: 45 | AF15: 00 | AG15: 15 | AH15: 30 | AI15: 45 | AJ15: 00 | AK15: 15 | AL15: 30 | AM15: 45 | AN15: 00 | AO15: 15 | AP15: 30 | AQ15: 45 | AR15: 00 | AS15: 15 | AT15: 30 | AU15: 45 | AV15: 00 | AW15: 15 | AX15: 30 | AY15: 45 | AZ15: 00 | BA15: 15 | BB15: 30 | BC15: 45 | BD15: 00 | BE15: 15 | BF15: 30 | BG15: 45 | BH15: 00 | BI15: 15 | BJ15: 30 | BK15: 45 | BL15: 00 | BM15: 15 | BN15: 30 | BO15: 45 | BP15: 00 | BQ15: 15 | BR15: 30 | BS15: 45
B17: =Weekly!B9 -> 01509 | C17: =Weekly!C9 -> Amy | D17: =Weekly!D36 -> Sy | E17: =VLOOKUP(B17,Team!$B$4:$E$183,4,FALSE) -> L's | F17: =Weekly!G9 | G17: =Weekly!H9 | H17: =IF(AND($H$12>=$F17,$H$12<$G17),$E17,"") | I17: =IF(AND($I$12>=$F17,$I$12<$G17),$E17,"") | J17: =IF(AND($J$12>=$F17,$J$12<$G17),$E17,"") | K17: =IF(AND($K$12>=$F17,$K$12<$G17),$E17,"") | L17: =IF(AND($L$12>=$F17,$L$12<$G17),$E17,"") | M17: =IF(AND($M$12>=$F17,$M$12<$G17),$E17,"") | N17: =IF(AND($N$12>=$F17,$N$12<$G17),$E17,"") | O17: =IF(AND($O$12>=$F17,$O$12<$G17),$E17,"") | P17: =IF(AND($P$12>=$F17,$P$12<$G17),$E17,"") | Q17: =IF(AND($Q$12>=$F17,$Q$12<$G17),$E17,"") | R17: =IF(AND($R$12>=$F17,$R$12<$G17),$E17,"") | S17: =IF(AND($S$12>=$F17,$S$12<$G17),$E17,"") | T17: =IF(AND($T$12>=$F17,$T$12<$G17),$E17,"") | U17: =IF(AND($U$12>=$F17,$U$12<$G17),$E17,"") | V17: =IF(AND($V$12>=$F17,$V$12<$G17),$E17,"") | W17: =IF(AND($W$12>=$F17,$W$12<$G17),$E17,"") | X17: =IF(AND($X$12>=$F17,$X$12<$G17),$E17,"") | Y17: =IF(AND($Y$12>=$F17,$Y$12<$G17),$E17,"") | Z17: =IF(AND($Z$12>=$F17,$Z$12<$G17),$E17,"") | AA17: =IF(AND($AA$12>=$F17,$AA$12<$G17),$E17,"") | AB17: =IF(AND($AB$12>=$F17,$AB$12<$G17),$E17,"") | AC17: =IF(AND($AC$12>=$F17,$AC$12<$G17),$E17,"") | AD17: =IF(AND($AD$12>=$F17,$AD$12<$G17),$E17,"") | AE17: =IF(AND($AE$12>=$F17,$AE$12<$G17),$E17,"") | AF17: =IF(AND($AF$12>=$F17,$AF$12<$G17),$E17,"") | AG17: =IF(AND($AG$12>=$F17,$AG$12<$G17),$E17,"") | AH17: =IF(AND($AH$12>=$F17,$AH$12<$G17),$E17,"") | AI17: =IF(AND($AI$12>=$F17,$AI$12<$G17),$E17,"") | AJ17: =IF(AND($AJ$12>=$F17,$AJ$12<$G17),$E17,"") | AK17: =IF(AND($AK$12>=$F17,$AK$12<$G17),$E17,"") | AL17: =IF(AND($AL$12>=$F17,$AL$12<$G17),$E17,"") | AM17: =IF(AND($AM$12>=$F17,$AM$12<$G17),$E17,"") | AN17: =IF(AND($AN$12>=$F17,$AN$12<$G17),$E17,"") | AO17: =IF(AND($AO$12>=$F17,$AO$12<$G17),$E17,"") | AP17: =IF(AND($AP$12>=$F17,$AP$12<$G17),$E17,"") | AQ17: =IF(AND($AQ$12>=$F17,$AQ$12<$G17),$E17,"") | AR17: =IF(AND($AR$12>=$F17,$AR$12<$G17),$E17,"") | AS17: =IF(AND($AS$12>=$F17,$AS$12<$G17),$E17,"") | AT17: =IF(AND($AT$12>=$F17,$AT$12<$G17),$E17,"") | AU17: =IF(AND($AU$12>=$F17,$AU$12<$G17),$E17,"") | AV17: =IF(AND($AV$12>=$F17,$AV$12<$G17),$E17,"") | AW17: =IF(AND($AW$12>=$F17,$AW$12<$G17),$E17,"") | AX17: =IF(AND($AX$12>=$F17,$AX$12<$G17),$E17,"") | AY17: =IF(AND($AY$12>=$F17,$AY$12<$G17),$E17,"") | AZ17: =IF(AND($AZ$12>=$F17,$AZ$12<$G17),$E17,"") | BA17: =IF(AND($BA$12>=$F17,$BA$12<$G17),$E17,"") | BB17: =IF(AND($BB$12>=$F17,$BB$12<$G17),$E17,"") | BC17: =IF(AND($BC$12>=$F17,$BC$12<$G17),$E17,"") | BD17: =IF(AND($BD$12>=$F17,$BD$12<$G17),$E17,"") | BE17: =IF(AND($BE$12>=$F17,$BE$12<$G17),$E17,"") | BF17: =IF(AND($BF$12>=$F17,$BF$12<$G17),$E17,"") | BG17: =IF(AND($BG$12>=$F17,$BG$12<$G17),$E17,"") | BH17: =IF(AND($BH$12>=$F17,$BH$12<$G17),$E17,"") | BI17: =IF(AND($BI$12>=$F17,$BI$12<$G17),$E17,"") | BJ17: =IF(AND($BJ$12>=$F17,$BJ$12<$G17),$E17,"") | BK17: =IF(AND($BK$12>=$F17,$BK$12<$G17),$E17,"") | BL17: =IF(AND($BL$12>=$F17,$BL$12<$G17),$E17,"") | BM17: =IF(AND($BM$12>=$F17,$BM$12<$G17),$E17,"") | BN17: =IF(AND($BN$12>=$F17,$BN$12<$G17),$E17,"") | BO17: =IF(AND($BO$12>=$F17,$BO$12<$G17),$E17,"") | BP17: =IF(AND($BP$12>=$F17,$BP$12<$G17),$E17,"") | BQ17: =IF(AND($BQ$12>=$F17,$BQ$12<$G17),$E17,"") | BR17: =IF(AND($BR$12>=$F17,$BR$12<$G17),$E17,"") | BS17: =IF(AND($BS$12>=$F17,$BS$12<$G17),$E17,"") | BT17: =IF(AND($BT$12>=$F17,$BT$12<$G17),$E17,"")
B18: =Weekly!B10 -> 1175 | C18: =Weekly!C10 -> Anna | D18: =Weekly!D26 -> Lee | E18: =VLOOKUP(B18,Team!$B$4:$E$183,4,FALSE) -> H&B | F18: =Weekly!G10 | G18: =Weekly!H10 | H18: =IF(AND($H$12>=$F18,$H$12<$G18),$E18,"") | I18: =IF(AND($I$12>=$F18,$I$12<$G18),$E18,"") | J18: =IF(AND($J$12>=$F18,$J$12<$G18),$E18,"") | K18: =IF(AND($K$12>=$F18,$K$12<$G18),$E18,"") | L18: =IF(AND($L$12>=$F18,$L$12<$G18),$E18,"") | M18: =IF(AND($M$12>=$F18,$M$12<$G18),$E18,"") | N18: =IF(AND($N$12>=$F18,$N$12<$G18),$E18,"") | O18: =IF(AND($O$12>=$F18,$O$12<$G18),$E18,"") | P18: =IF(AND($P$12>=$F18,$P$12<$G18),$E18,"") | Q18: =IF(AND($Q$12>=$F18,$Q$12<$G18),$E18,"") | R18: =IF(AND($R$12>=$F18,$R$12<$G18),$E18,"") | S18: =IF(AND($S$12>=$F18,$S$12<$G18),$E18,"") | T18: =IF(AND($T$12>=$F18,$T$12<$G18),$E18,"") | U18: =IF(AND($U$12>=$F18,$U$12<$G18),$E18,"") | V18: =IF(AND($V$12>=$F18,$V$12<$G18),$E18,"") | W18: =IF(AND($W$12>=$F18,$W$12<$G18),$E18,"") | X18: =IF(AND($X$12>=$F18,$X$12<$G18),$E18,"") | Y18: =IF(AND($Y$12>=$F18,$Y$12<$G18),$E18,"") | Z18: =IF(AND($Z$12>=$F18,$Z$12<$G18),$E18,"") | AA18: =IF(AND($AA$12>=$F18,$AA$12<$G18),$E18,"") | AB18: =IF(AND($AB$12>=$F18,$AB$12<$G18),$E18,"") | AC18: =IF(AND($AC$12>=$F18,$AC$12<$G18),$E18,"") | AD18: =IF(AND($AD$12>=$F18,$AD$12<$G18),$E18,"") | AE18: =IF(AND($AE$12>=$F18,$AE$12<$G18),$E18,"") | AF18: =IF(AND($AF$12>=$F18,$AF$12<$G18),$E18,"") | AG18: =IF(AND($AG$12>=$F18,$AG$12<$G18),$E18,"") | AH18: =IF(AND($AH$12>=$F18,$AH$12<$G18),$E18,"") | AI18: =IF(AND($AI$12>=$F18,$AI$12<$G18),$E18,"") | AJ18: =IF(AND($AJ$12>=$F18,$AJ$12<$G18),$E18,"") | AK18: =IF(AND($AK$12>=$F18,$AK$12<$G18),$E18,"") | AL18: =IF(AND($AL$12>=$F18,$AL$12<$G18),$E18,"") | AM18: =IF(AND($AM$12>=$F18,$AM$12<$G18),$E18,"") | AN18: =IF(AND($AN$12>=$F18,$AN$12<$G18),$E18,"") | AO18: =IF(AND($AO$12>=$F18,$AO$12<$G18),$E18,"") | AP18: =IF(AND($AP$12>=$F18,$AP$12<$G18),$E18,"") | AQ18: =IF(AND($AQ$12>=$F18,$AQ$12<$G18),$E18,"") | AR18: =IF(AND($AR$12>=$F18,$AR$12<$G18),$E18,"") | AS18: =IF(AND($AS$12>=$F18,$AS$12<$G18),$E18,"") | AT18: =IF(AND($AT$12>=$F18,$AT$12<$G18),$E18,"") | AU18: =IF(AND($AU$12>=$F18,$AU$12<$G18),$E18,"") | AV18: =IF(AND($AV$12>=$F18,$AV$12<$G18),$E18,"") | AW18: =IF(AND($AW$12>=$F18,$AW$12<$G18),$E18,"") | AX18: =IF(AND($AX$12>=$F18,$AX$12<$G18),$E18,"") | AY18: =IF(AND($AY$12>=$F18,$AY$12<$G18),$E18,"") | AZ18: =IF(AND($AZ$12>=$F18,$AZ$12<$G18),$E18,"") | BA18: =IF(AND($BA$12>=$F18,$BA$12<$G18),$E18,"") | BB18: =IF(AND($BB$12>=$F18,$BB$12<$G18),$E18,"") | BC18: =IF(AND($BC$12>=$F18,$BC$12<$G18),$E18,"") | BD18: =IF(AND($BD$12>=$F18,$BD$12<$G18),$E18,"") | BE18: =IF(AND($BE$12>=$F18,$BE$12<$G18),$E18,"") | BF18: =IF(AND($BF$12>=$F18,$BF$12<$G18),$E18,"") | BG18: =IF(AND($BG$12>=$F18,$BG$12<$G18),$E18,"") | BH18: =IF(AND($BH$12>=$F18,$BH$12<$G18),$E18,"") | BI18: =IF(AND($BI$12>=$F18,$BI$12<$G18),$E18,"") | BJ18: =IF(AND($BJ$12>=$F18,$BJ$12<$G18),$E18,"") | BK18: =IF(AND($BK$12>=$F18,$BK$12<$G18),$E18,"") | BL18: =IF(AND($BL$12>=$F18,$BL$12<$G18),$E18,"") | BM18: =IF(AND($BM$12>=$F18,$BM$12<$G18),$E18,"") | BN18: =IF(AND($BN$12>=$F18,$BN$12<$G18),$E18,"") | BO18: =IF(AND($BO$12>=$F18,$BO$12<$G18),$E18,"") | BP18: =IF(AND($BP$12>=$F18,$BP$12<$G18),$E18,"") | BQ18: =IF(AND($BQ$12>=$F18,$BQ$12<$G18),$E18,"") | BR18: =IF(AND($BR$12>=$F18,$BR$12<$G18),$E18,"") | BS18: =IF(AND($BS$12>=$F18,$BS$12<$G18),$E18,"") | BT18: =IF(AND($BT$12>=$F18,$BT$12<$G18),$E18,"")
B19: =Weekly!B11 -> 1041 | C19: =Weekly!C11 -> Archana | D19: =Weekly!D43 -> Banh | E19: =VLOOKUP(B19,Team!$B$4:$E$183,4,FALSE) -> L's | F19: =Weekly!G11 | G19: =Weekly!H11 | H19: =IF(AND($H$12>=$F19,$H$12<$G19),$E19,"") | I19: =IF(AND($I$12>=$F19,$I$12<$G19),$E19,"") | J19: =IF(AND($J$12>=$F19,$J$12<$G19),$E19,"") | K19: =IF(AND($K$12>=$F19,$K$12<$G19),$E19,"") | L19: =IF(AND($L$12>=$F19,$L$12<$G19),$E19,"") | M19: =IF(AND($M$12>=$F19,$M$12<$G19),$E19,"") | N19: =IF(AND($N$12>=$F19,$N$12<$G19),$E19,"") | O19: =IF(AND($O$12>=$F19,$O$12<$G19),$E19,"") | P19: =IF(AND($P$12>=$F19,$P$12<$G19),$E19,"") | Q19: =IF(AND($Q$12>=$F19,$Q$12<$G19),$E19,"") | R19: =IF(AND($R$12>=$F19,$R$12<$G19),$E19,"") | S19: =IF(AND($S$12>=$F19,$S$12<$G19),$E19,"") | T19: =IF(AND($T$12>=$F19,$T$12<$G19),$E19,"") | U19: =IF(AND($U$12>=$F19,$U$12<$G19),$E19,"") | V19: =IF(AND($V$12>=$F19,$V$12<$G19),$E19,"") | W19: =IF(AND($W$12>=$F19,$W$12<$G19),$E19,"") | X19: =IF(AND($X$12>=$F19,$X$12<$G19),$E19,"") | Y19: =IF(AND($Y$12>=$F19,$Y$12<$G19),$E19,"") | Z19: =IF(AND($Z$12>=$F19,$Z$12<$G19),$E19,"") | AA19: =IF(AND($AA$12>=$F19,$AA$12<$G19),$E19,"") | AB19: =IF(AND($AB$12>=$F19,$AB$12<$G19),$E19,"") | AC19: =IF(AND($AC$12>=$F19,$AC$12<$G19),$E19,"") | AD19: =IF(AND($AD$12>=$F19,$AD$12<$G19),$E19,"") | AE19: =IF(AND($AE$12>=$F19,$AE$12<$G19),$E19,"") | AF19: =IF(AND($AF$12>=$F19,$AF$12<$G19),$E19,"") | AG19: =IF(AND($AG$12>=$F19,$AG$12<$G19),$E19,"") | AH19: =IF(AND($AH$12>=$F19,$AH$12<$G19),$E19,"") | AI19: =IF(AND($AI$12>=$F19,$AI$12<$G19),$E19,"") | AJ19: =IF(AND($AJ$12>=$F19,$AJ$12<$G19),$E19,"") | AK19: =IF(AND($AK$12>=$F19,$AK$12<$G19),$E19,"") | AL19: =IF(AND($AL$12>=$F19,$AL$12<$G19),$E19,"") | AM19: =IF(AND($AM$12>=$F19,$AM$12<$G19),$E19,"") | AN19: =IF(AND($AN$12>=$F19,$AN$12<$G19),$E19,"") | AO19: =IF(AND($AO$12>=$F19,$AO$12<$G19),$E19,"") | AP19: =IF(AND($AP$12>=$F19,$AP$12<$G19),$E19,"") | AQ19: =IF(AND($AQ$12>=$F19,$AQ$12<$G19),$E19,"") | AR19: =IF(AND($AR$12>=$F19,$AR$12<$G19),$E19,"") | AS19: =IF(AND($AS$12>=$F19,$AS$12<$G19),$E19,"") | AT19: =IF(AND($AT$12>=$F19,$AT$12<$G19),$E19,"") | AU19: =IF(AND($AU$12>=$F19,$AU$12<$G19),$E19,"") | AV19: =IF(AND($AV$12>=$F19,$AV$12<$G19),$E19,"") | AW19: =IF(AND($AW$12>=$F19,$AW$12<$G19),$E19,"") | AX19: =IF(AND($AX$12>=$F19,$AX$12<$G19),$E19,"") | AY19: =IF(AND($AY$12>=$F19,$AY$12<$G19),$E19,"") | AZ19: =IF(AND($AZ$12>=$F19,$AZ$12<$G19),$E19,"") | BA19: =IF(AND($BA$12>=$F19,$BA$12<$G19),$E19,"") | BB19: =IF(AND($BB$12>=$F19,$BB$12<$G19),$E19,"") | BC19: =IF(AND($BC$12>=$F19,$BC$12<$G19),$E19,"") | BD19: =IF(AND($BD$12>=$F19,$BD$12<$G19),$E19,"") | BE19: =IF(AND($BE$12>=$F19,$BE$12<$G19),$E19,"") | BF19: =IF(AND($BF$12>=$F19,$BF$12<$G19),$E19,"") | BG19: =IF(AND($BG$12>=$F19,$BG$12<$G19),$E19,"") | BH19: =IF(AND($BH$12>=$F19,$BH$12<$G19),$E19,"") | BI19: =IF(AND($BI$12>=$F19,$BI$12<$G19),$E19,"") | BJ19: =IF(AND($BJ$12>=$F19,$BJ$12<$G19),$E19,"") | BK19: =IF(AND($BK$12>=$F19,$BK$12<$G19),$E19,"") | BL19: =IF(AND($BL$12>=$F19,$BL$12<$G19),$E19,"") | BM19: =IF(AND($BM$12>=$F19,$BM$12<$G19),$E19,"") | BN19: =IF(AND($BN$12>=$F19,$BN$12<$G19),$E19,"") | BO19: =IF(AND($BO$12>=$F19,$BO$12<$G19),$E19,"") | BP19: =IF(AND($BP$12>=$F19,$BP$12<$G19),$E19,"") | BQ19: =IF(AND($BQ$12>=$F19,$BQ$12<$G19),$E19,"") | BR19: =IF(AND($BR$12>=$F19,$BR$12<$G19),$E19,"") | BS19: =IF(AND($BS$12>=$F19,$BS$12<$G19),$E19,"") | BT19: =IF(AND($BT$12>=$F19,$BT$12<$G19),$E19,"")
B20: =Weekly!B12 -> 1245 | C20: =Weekly!C12 -> Charlotte | D20: =Weekly!D46 -> Choi | E20: =VLOOKUP(B20,Team!$B$4:$E$183,4,FALSE) -> HH | F20: =Weekly!G12 | G20: =Weekly!H12 | H20: =IF(AND($H$12>=$F20,$H$12<$G20),$E20,"") | I20: =IF(AND($I$12>=$F20,$I$12<$G20),$E20,"") | J20: =IF(AND($J$12>=$F20,$J$12<$G20),$E20,"") | K20: =IF(AND($K$12>=$F20,$K$12<$G20),$E20,"") | L20: =IF(AND($L$12>=$F20,$L$12<$G20),$E20,"") | M20: =IF(AND($M$12>=$F20,$M$12<$G20),$E20,"") | N20: =IF(AND($N$12>=$F20,$N$12<$G20),$E20,"") | O20: =IF(AND($O$12>=$F20,$O$12<$G20),$E20,"") | P20: =IF(AND($P$12>=$F20,$P$12<$G20),$E20,"") | Q20: =IF(AND($Q$12>=$F20,$Q$12<$G20),$E20,"") | R20: =IF(AND($R$12>=$F20,$R$12<$G20),$E20,"") | S20: =IF(AND($S$12>=$F20,$S$12<$G20),$E20,"") | T20: =IF(AND($T$12>=$F20,$T$12<$G20),$E20,"") | U20: =IF(AND($U$12>=$F20,$U$12<$G20),$E20,"") | V20: =IF(AND($V$12>=$F20,$V$12<$G20),$E20,"") | W20: =IF(AND($W$12>=$F20,$W$12<$G20),$E20,"") | X20: =IF(AND($X$12>=$F20,$X$12<$G20),$E20,"") | Y20: =IF(AND($Y$12>=$F20,$Y$12<$G20),$E20,"") | Z20: =IF(AND($Z$12>=$F20,$Z$12<$G20),$E20,"") | AA20: =IF(AND($AA$12>=$F20,$AA$12<$G20),$E20,"") | AB20: =IF(AND($AB$12>=$F20,$AB$12<$G20),$E20,"") | AC20: =IF(AND($AC$12>=$F20,$AC$12<$G20),$E20,"") | AD20: =IF(AND($AD$12>=$F20,$AD$12<$G20),$E20,"") | AE20: =IF(AND($AE$12>=$F20,$AE$12<$G20),$E20,"") | AF20: =IF(AND($AF$12>=$F20,$AF$12<$G20),$E20,"") | AG20: =IF(AND($AG$12>=$F20,$AG$12<$G20),$E20,"") | AH20: =IF(AND($AH$12>=$F20,$AH$12<$G20),$E20,"") | AI20: =IF(AND($AI$12>=$F20,$AI$12<$G20),$E20,"") | AJ20: =IF(AND($AJ$12>=$F20,$AJ$12<$G20),$E20,"") | AK20: =IF(AND($AK$12>=$F20,$AK$12<$G20),$E20,"") | AL20: =IF(AND($AL$12>=$F20,$AL$12<$G20),$E20,"") | AM20: =IF(AND($AM$12>=$F20,$AM$12<$G20),$E20,"") | AN20: =IF(AND($AN$12>=$F20,$AN$12<$G20),$E20,"") | AO20: =IF(AND($AO$12>=$F20,$AO$12<$G20),$E20,"") | AP20: =IF(AND($AP$12>=$F20,$AP$12<$G20),$E20,"") | AQ20: =IF(AND($AQ$12>=$F20,$AQ$12<$G20),$E20,"") | AR20: =IF(AND($AR$12>=$F20,$AR$12<$G20),$E20,"") | AS20: =IF(AND($AS$12>=$F20,$AS$12<$G20),$E20,"") | AT20: =IF(AND($AT$12>=$F20,$AT$12<$G20),$E20,"") | AU20: =IF(AND($AU$12>=$F20,$AU$12<$G20),$E20,"") | AV20: =IF(AND($AV$12>=$F20,$AV$12<$G20),$E20,"") | AW20: =IF(AND($AW$12>=$F20,$AW$12<$G20),$E20,"") | AX20: =IF(AND($AX$12>=$F20,$AX$12<$G20),$E20,"") | AY20: =IF(AND($AY$12>=$F20,$AY$12<$G20),$E20,"") | AZ20: =IF(AND($AZ$12>=$F20,$AZ$12<$G20),$E20,"") | BA20: =IF(AND($BA$12>=$F20,$BA$12<$G20),$E20,"") | BB20: =IF(AND($BB$12>=$F20,$BB$12<$G20),$E20,"") | BC20: =IF(AND($BC$12>=$F20,$BC$12<$G20),$E20,"") | BD20: =IF(AND($BD$12>=$F20,$BD$12<$G20),$E20,"") | BE20: =IF(AND($BE$12>=$F20,$BE$12<$G20),$E20,"") | BF20: =IF(AND($BF$12>=$F20,$BF$12<$G20),$E20,"") | BG20: =IF(AND($BG$12>=$F20,$BG$12<$G20),$E20,"") | BH20: =IF(AND($BH$12>=$F20,$BH$12<$G20),$E20,"") | BI20: =IF(AND($BI$12>=$F20,$BI$12<$G20),$E20,"") | BJ20: =IF(AND($BJ$12>=$F20,$BJ$12<$G20),$E20,"") | BK20: =IF(AND($BK$12>=$F20,$BK$12<$G20),$E20,"") | BL20: =IF(AND($BL$12>=$F20,$BL$12<$G20),$E20,"") | BM20: =IF(AND($BM$12>=$F20,$BM$12<$G20),$E20,"") | BN20: =IF(AND($BN$12>=$F20,$BN$12<$G20),$E20,"") | BO20: =IF(AND($BO$12>=$F20,$BO$12<$G20),$E20,"") | BP20: =IF(AND($BP$12>=$F20,$BP$12<$G20),$E20,"") | BQ20: =IF(AND($BQ$12>=$F20,$BQ$12<$G20),$E20,"") | BR20: =IF(AND($BR$12>=$F20,$BR$12<$G20),$E20,"") | BS20: =IF(AND($BS$12>=$F20,$BS$12<$G20),$E20,"") | BT20: =IF(AND($BT$12>=$F20,$BT$12<$G20),$E20,"")
B21: =Weekly!B13 -> 1136 | C21: =Weekly!C13 -> Cherry | D21: =Weekly!D37 -> Htun | E21: =VLOOKUP(B21,Team!$B$4:$E$183,4,FALSE) -> M's | F21: =Weekly!G13 | G21: =Weekly!H13 | H21: =IF(AND($H$12>=$F21,$H$12<$G21),$E21,"") | I21: =IF(AND($I$12>=$F21,$I$12<$G21),$E21,"") | J21: =IF(AND($J$12>=$F21,$J$12<$G21),$E21,"") | K21: =IF(AND($K$12>=$F21,$K$12<$G21),$E21,"") | L21: =IF(AND($L$12>=$F21,$L$12<$G21),$E21,"") | M21: =IF(AND($M$12>=$F21,$M$12<$G21),$E21,"") | N21: =IF(AND($N$12>=$F21,$N$12<$G21),$E21,"") | O21: =IF(AND($O$12>=$F21,$O$12<$G21),$E21,"") | P21: =IF(AND($P$12>=$F21,$P$12<$G21),$E21,"") | Q21: =IF(AND($Q$12>=$F21,$Q$12<$G21),$E21,"") | R21: =IF(AND($R$12>=$F21,$R$12<$G21),$E21,"") | S21: =IF(AND($S$12>=$F21,$S$12<$G21),$E21,"") | T21: =IF(AND($T$12>=$F21,$T$12<$G21),$E21,"") | U21: =IF(AND($U$12>=$F21,$U$12<$G21),$E21,"") | V21: =IF(AND($V$12>=$F21,$V$12<$G21),$E21,"") | W21: =IF(AND($W$12>=$F21,$W$12<$G21),$E21,"") | X21: =IF(AND($X$12>=$F21,$X$12<$G21),$E21,"") | Y21: =IF(AND($Y$12>=$F21,$Y$12<$G21),$E21,"") | Z21: =IF(AND($Z$12>=$F21,$Z$12<$G21),$E21,"") | AA21: =IF(AND($AA$12>=$F21,$AA$12<$G21),$E21,"") | AB21: =IF(AND($AB$12>=$F21,$AB$12<$G21),$E21,"") | AC21: =IF(AND($AC$12>=$F21,$AC$12<$G21),$E21,"") | AD21: =IF(AND($AD$12>=$F21,$AD$12<$G21),$E21,"") | AE21: =IF(AND($AE$12>=$F21,$AE$12<$G21),$E21,"") | AF21: =IF(AND($AF$12>=$F21,$AF$12<$G21),$E21,"") | AG21: =IF(AND($AG$12>=$F21,$AG$12<$G21),$E21,"") | AH21: =IF(AND($AH$12>=$F21,$AH$12<$G21),$E21,"") | AI21: =IF(AND($AI$12>=$F21,$AI$12<$G21),$E21,"") | AJ21: =IF(AND($AJ$12>=$F21,$AJ$12<$G21),$E21,"") | AK21: =IF(AND($AK$12>=$F21,$AK$12<$G21),$E21,"") | AL21: =IF(AND($AL$12>=$F21,$AL$12<$G21),$E21,"") | AM21: =IF(AND($AM$12>=$F21,$AM$12<$G21),$E21,"") | AN21: =IF(AND($AN$12>=$F21,$AN$12<$G21),$E21,"") | AO21: =IF(AND($AO$12>=$F21,$AO$12<$G21),$E21,"") | AP21: =IF(AND($AP$12>=$F21,$AP$12<$G21),$E21,"") | AQ21: =IF(AND($AQ$12>=$F21,$AQ$12<$G21),$E21,"") | AR21: =IF(AND($AR$12>=$F21,$AR$12<$G21),$E21,"") | AS21: =IF(AND($AS$12>=$F21,$AS$12<$G21),$E21,"") | AT21: =IF(AND($AT$12>=$F21,$AT$12<$G21),$E21,"") | AU21: =IF(AND($AU$12>=$F21,$AU$12<$G21),$E21,"") | AV21: =IF(AND($AV$12>=$F21,$AV$12<$G21),$E21,"") | AW21: =IF(AND($AW$12>=$F21,$AW$12<$G21),$E21,"") | AX21: =IF(AND($AX$12>=$F21,$AX$12<$G21),$E21,"") | AY21: =IF(AND($AY$12>=$F21,$AY$12<$G21),$E21,"") | AZ21: =IF(AND($AZ$12>=$F21,$AZ$12<$G21),$E21,"") | BA21: =IF(AND($BA$12>=$F21,$BA$12<$G21),$E21,"") | BB21: =IF(AND($BB$12>=$F21,$BB$12<$G21),$E21,"") | BC21: =IF(AND($BC$12>=$F21,$BC$12<$G21),$E21,"") | BD21: =IF(AND($BD$12>=$F21,$BD$12<$G21),$E21,"") | BE21: =IF(AND($BE$12>=$F21,$BE$12<$G21),$E21,"") | BF21: =IF(AND($BF$12>=$F21,$BF$12<$G21),$E21,"") | BG21: =IF(AND($BG$12>=$F21,$BG$12<$G21),$E21,"") | BH21: =IF(AND($BH$12>=$F21,$BH$12<$G21),$E21,"") | BI21: =IF(AND($BI$12>=$F21,$BI$12<$G21),$E21,"") | BJ21: =IF(AND($BJ$12>=$F21,$BJ$12<$G21),$E21,"") | BK21: =IF(AND($BK$12>=$F21,$BK$12<$G21),$E21,"") | BL21: =IF(AND($BL$12>=$F21,$BL$12<$G21),$E21,"") | BM21: =IF(AND($BM$12>=$F21,$BM$12<$G21),$E21,"") | BN21: =IF(AND($BN$12>=$F21,$BN$12<$G21),$E21,"") | BO21: =IF(AND($BO$12>=$F21,$BO$12<$G21),$E21,"") | BP21: =IF(AND($BP$12>=$F21,$BP$12<$G21),$E21,"") | BQ21: =IF(AND($BQ$12>=$F21,$BQ$12<$G21),$E21,"") | BR21: =IF(AND($BR$12>=$F21,$BR$12<$G21),$E21,"") | BS21: =IF(AND($BS$12>=$F21,$BS$12<$G21),$E21,"") | BT21: =IF(AND($BT$12>=$F21,$BT$12<$G21),$E21,"")
B22: =Weekly!B14 -> 1247 | C22: =Weekly!C14 -> Chihiro | D22: =Weekly!D23 -> Deng | E22: =VLOOKUP(B22,Team!$B$4:$E$183,4,FALSE) -> HH | F22: =Weekly!G14 -> 0.35416667 | G22: =Weekly!H14 -> 0.625 | H22: =IF(AND($H$12>=$F22,$H$12<$G22),$E22,"") | I22: =IF(AND($I$12>=$F22,$I$12<$G22),$E22,"") | J22: =IF(AND($J$12>=$F22,$J$12<$G22),$E22,"") | K22: =IF(AND($K$12>=$F22,$K$12<$G22),$E22,"") | L22: =IF(AND($L$12>=$F22,$L$12<$G22),$E22,"") | M22: =IF(AND($M$12>=$F22,$M$12<$G22),$E22,"") | N22: H | O22: V | P22: V | Q22: W | R22: R | S22: R | T22: R | U22: R | V22: =IF(AND($V$12>=$F22,$V$12<$G22),$E22,"") -> HH | W22: =IF(AND($W$12>=$F22,$W$12<$G22),$E22,"") -> HH | X22: =IF(AND($X$12>=$F22,$X$12<$G22),$E22,"") -> HH | Y22: 40 | Z22: 40 | AA22: 40 | AB22: =IF(AND($AB$12>=$F22,$AB$12<$G22),$E22,"") -> HH | AC22: =IF(AND($AC$12>=$F22,$AC$12<$G22),$E22,"") -> HH | AD22: =IF(AND($AD$12>=$F22,$AD$12<$G22),$E22,"") -> HH | AE22: =IF(AND($AE$12>=$F22,$AE$12<$G22),$E22,"") -> HH | AF22: GR | AG22: GR | AH22: GR | AI22: 10 | AJ22: =IF(AND($AJ$12>=$F22,$AJ$12<$G22),$E22,"") -> HH | AK22: =IF(AND($AK$12>=$F22,$AK$12<$G22),$E22,"") -> HH | AL22: =IF(AND($AL$12>=$F22,$AL$12<$G22),$E22,"") -> HH | AM22: =IF(AND($AM$12>=$F22,$AM$12<$G22),$E22,"") -> HH | AN22: =IF(AND($AN$12>=$F22,$AN$12<$G22),$E22,"") | AO22: =IF(AND($AO$12>=$F22,$AO$12<$G22),$E22,"") | AP22: =IF(AND($AP$12>=$F22,$AP$12<$G22),$E22,"") | AQ22: =IF(AND($AQ$12>=$F22,$AQ$12<$G22),$E22,"") | AR22: =IF(AND($AR$12>=$F22,$AR$12<$G22),$E22,"") | AS22: =IF(AND($AS$12>=$F22,$AS$12<$G22),$E22,"") | AT22: =IF(AND($AT$12>=$F22,$AT$12<$G22),$E22,"") | AU22: =IF(AND($AU$12>=$F22,$AU$12<$G22),$E22,"") | AV22: =IF(AND($AV$12>=$F22,$AV$12<$G22),$E22,"") | AW22: =IF(AND($AW$12>=$F22,$AW$12<$G22),$E22,"") | AX22: =IF(AND($AX$12>=$F22,$AX$12<$G22),$E22,"") | AY22: =IF(AND($AY$12>=$F22,$AY$12<$G22),$E22,"") | AZ22: =IF(AND($AZ$12>=$F22,$AZ$12<$G22),$E22,"") | BA22: =IF(AND($BA$12>=$F22,$BA$12<$G22),$E22,"") | BB22: =IF(AND($BB$12>=$F22,$BB$12<$G22),$E22,"") | BC22: =IF(AND($BC$12>=$F22,$BC$12<$G22),$E22,"") | BD22: =IF(AND($BD$12>=$F22,$BD$12<$G22),$E22,"") | BE22: =IF(AND($BE$12>=$F22,$BE$12<$G22),$E22,"") | BF22: =IF(AND($BF$12>=$F22,$BF$12<$G22),$E22,"") | BG22: =IF(AND($BG$12>=$F22,$BG$12<$G22),$E22,"") | BH22: =IF(AND($BH$12>=$F22,$BH$12<$G22),$E22,"") | BI22: =IF(AND($BI$12>=$F22,$BI$12<$G22),$E22,"") | BJ22: =IF(AND($BJ$12>=$F22,$BJ$12<$G22),$E22,"") | BK22: =IF(AND($BK$12>=$F22,$BK$12<$G22),$E22,"") | BL22: =IF(AND($BL$12>=$F22,$BL$12<$G22),$E22,"") | BM22: =IF(AND($BM$12>=$F22,$BM$12<$G22),$E22,"") | BN22: =IF(AND($BN$12>=$F22,$BN$12<$G22),$E22,"") | BO22: =IF(AND($BO$12>=$F22,$BO$12<$G22),$E22,"") | BP22: =IF(AND($BP$12>=$F22,$BP$12<$G22),$E22,"") | BQ22: =IF(AND($BQ$12>=$F22,$BQ$12<$G22),$E22,"") | BR22: =IF(AND($BR$12>=$F22,$BR$12<$G22),$E22,"") | BS22: =IF(AND($BS$12>=$F22,$BS$12<$G22),$E22,"") | BT22: =IF(AND($BT$12>=$F22,$BT$12<$G22),$E22,"")
B23: =Weekly!B34 -> 1014 | C23: =Weekly!C34 -> Julie K. | D23: =Weekly!D72 -> 0 | E23: =VLOOKUP(B23,Team!$B$4:$E$183,4,FALSE) -> H&B | F23: =Weekly!G34 -> 0.35416667 | G23: =Weekly!H34 -> 0.6875 | H23: =IF(AND($H$12>=$F23,$H$12<$G23),$E23,"") | I23: =IF(AND($I$12>=$F23,$I$12<$G23),$E23,"") | J23: =IF(AND($J$12>=$F23,$J$12<$G23),$E23,"") | K23: =IF(AND($K$12>=$F23,$K$12<$G23),$E23,"") | L23: =IF(AND($L$12>=$F23,$L$12<$G23),$E23,"") | M23: =IF(AND($M$12>=$F23,$M$12<$G23),$E23,"") | N23: H | O23: S1 | P23: S1 | Q23: AD | R23: =IF(AND($R$12>=$F23,$R$12<$G23),$E23,"") -> H&B | S23: =IF(AND($S$12>=$F23,$S$12<$G23),$E23,"") -> H&B | T23: =IF(AND($T$12>=$F23,$T$12<$G23),$E23,"") -> H&B | U23: =IF(AND($U$12>=$F23,$U$12<$G23),$E23,"") -> H&B | V23: =IF(AND($V$12>=$F23,$V$12<$G23),$E23,"") -> H&B | W23: =IF(AND($W$12>=$F23,$W$12<$G23),$E23,"") -> H&B | X23: =IF(AND($X$12>=$F23,$X$12<$G23),$E23,"") -> H&B | Y23: 40 | Z23: 40 | AA23: 40 | AB23: GR | AC23: GR | AD23: GR | AE23: GR | AF23: =IF(AND($AH$12>=$F23,$AH$12<$G23),$E23,"") -> H&B | AG23: =IF(AND($AH$12>=$F23,$AH$12<$G23),$E23,"") -> H&B | AH23: =IF(AND($AH$12>=$F23,$AH$12<$G23),$E23,"") -> H&B | AI23: =IF(AND($AI$12>=$F23,$AI$12<$G23),$E23,"") -> H&B | AJ23: 10 | AK23: R | AL23: R | AM23: R | AN23: R | AO23: R | AP23: =IF(AND($AP$12>=$F23,$AP$12<$G23),$E23,"") -> H&B | AQ23: =IF(AND($AQ$12>=$F23,$AQ$12<$G23),$E23,"") -> H&B | AR23: =IF(AND($AR$12>=$F23,$AR$12<$G23),$E23,"") -> H&B | AS23: =IF(AND($AS$12>=$F23,$AS$12<$G23),$E23,"") -> H&B | AT23: =IF(AND($AT$12>=$F23,$AT$12<$G23),$E23,"") | AU23: =IF(AND($AU$12>=$F23,$AU$12<$G23),$E23,"") | AV23: =IF(AND($AV$12>=$F23,$AV$12<$G23),$E23,"") | AW23: =IF(AND($AW$12>=$F23,$AW$12<$G23),$E23,"") | AX23: =IF(AND($AX$12>=$F23,$AX$12<$G23),$E23,"") | AY23: =IF(AND($AY$12>=$F23,$AY$12<$G23),$E23,"") | AZ23: =IF(AND($AZ$12>=$F23,$AZ$12<$G23),$E23,"") | BA23: =IF(AND($BA$12>=$F23,$BA$12<$G23),$E23,"") | BB23: =IF(AND($BB$12>=$F23,$BB$12<$G23),$E23,"") | BC23: =IF(AND($BC$12>=$F23,$BC$12<$G23),$E23,"") | BD23: =IF(AND($BD$12>=$F23,$BD$12<$G23),$E23,"") | BE23: =IF(AND($BE$12>=$F23,$BE$12<$G23),$E23,"") | BF23: =IF(AND($BF$12>=$F23,$BF$12<$G23),$E23,"") | BG23: =IF(AND($BG$12>=$F23,$BG$12<$G23),$E23,"") | BH23: =IF(AND($BH$12>=$F23,$BH$12<$G23),$E23,"") | BI23: =IF(AND($BI$12>=$F23,$BI$12<$G23),$E23,"") | BJ23: =IF(AND($BJ$12>=$F23,$BJ$12<$G23),$E23,"") | BK23: =IF(AND($BK$12>=$F23,$BK$12<$G23),$E23,"") | BL23: =IF(AND($BL$12>=$F23,$BL$12<$G23),$E23,"") | BM23: =IF(AND($BM$12>=$F23,$BM$12<$G23),$E23,"") | BN23: =IF(AND($BN$12>=$F23,$BN$12<$G23),$E23,"") | BO23: =IF(AND($BO$12>=$F23,$BO$12<$G23),$E23,"") | BP23: =IF(AND($BP$12>=$F23,$BP$12<$G23),$E23,"") | BQ23: =IF(AND($BQ$12>=$F23,$BQ$12<$G23),$E23,"") | BR23: =IF(AND($BR$12>=$F23,$BR$12<$G23),$E23,"") | BS23: =IF(AND($BS$12>=$F23,$BS$12<$G23),$E23,"") | BT23: =IF(AND($BT$12>=$F23,$BT$12<$G23),$E23,"")
B24: =Weekly!B16 -> 660 | C24: =Weekly!C16 -> Daniel | D24: =Weekly!D21 -> Trac | E24: =VLOOKUP(B24,Team!$B$4:$E$183,4,FALSE) -> HH | F24: =Weekly!G16 | G24: =Weekly!H16 | H24: =IF(AND($H$12>=$F24,$H$12<$G24),$E24,"") | I24: =IF(AND($I$12>=$F24,$I$12<$G24),$E24,"") | J24: =IF(AND($J$12>=$F24,$J$12<$G24),$E24,"") | K24: =IF(AND($K$12>=$F24,$K$12<$G24),$E24,"") | L24: =IF(AND($L$12>=$F24,$L$12<$G24),$E24,"") | M24: =IF(AND($M$12>=$F24,$M$12<$G24),$E24,"") | N24: =IF(AND($N$12>=$F24,$N$12<$G24),$E24,"") | O24: =IF(AND($O$12>=$F24,$O$12<$G24),$E24,"") | P24: =IF(AND($P$12>=$F24,$P$12<$G24),$E24,"") | Q24: =IF(AND($Q$12>=$F24,$Q$12<$G24),$E24,"") | R24: =IF(AND($R$12>=$F24,$R$12<$G24),$E24,"") | S24: =IF(AND($S$12>=$F24,$S$12<$G24),$E24,"") | T24: =IF(AND($T$12>=$F24,$T$12<$G24),$E24,"") | U24: =IF(AND($U$12>=$F24,$U$12<$G24),$E24,"") | V24: =IF(AND($V$12>=$F24,$V$12<$G24),$E24,"") | W24: =IF(AND($W$12>=$F24,$W$12<$G24),$E24,"") | X24: =IF(AND($X$12>=$F24,$X$12<$G24),$E24,"") | Y24: =IF(AND($Y$12>=$F24,$Y$12<$G24),$E24,"") | Z24: =IF(AND($Z$12>=$F24,$Z$12<$G24),$E24,"") | AA24: =IF(AND($AA$12>=$F24,$AA$12<$G24),$E24,"") | AB24: =IF(AND($AB$12>=$F24,$AB$12<$G24),$E24,"") | AC24: =IF(AND($AC$12>=$F24,$AC$12<$G24),$E24,"") | AD24: =IF(AND($AD$12>=$F24,$AD$12<$G24),$E24,"") | AE24: =IF(AND($AE$12>=$F24,$AE$12<$G24),$E24,"") | AF24: =IF(AND($AF$12>=$F24,$AF$12<$G24),$E24,"") | AG24: =IF(AND($AG$12>=$F24,$AG$12<$G24),$E24,"") | AH24: =IF(AND($AH$12>=$F24,$AH$12<$G24),$E24,"") | AI24: =IF(AND($AI$12>=$F24,$AI$12<$G24),$E24,"") | AJ24: =IF(AND($AJ$12>=$F24,$AJ$12<$G24),$E24,"") | AK24: =IF(AND($AK$12>=$F24,$AK$12<$G24),$E24,"") | AL24: =IF(AND($AL$12>=$F24,$AL$12<$G24),$E24,"") | AM24: =IF(AND($AM$12>=$F24,$AM$12<$G24),$E24,"") | AN24: =IF(AND($AN$12>=$F24,$AN$12<$G24),$E24,"") | AO24: =IF(AND($AO$12>=$F24,$AO$12<$G24),$E24,"") | AP24: =IF(AND($AP$12>=$F24,$AP$12<$G24),$E24,"") | AQ24: =IF(AND($AQ$12>=$F24,$AQ$12<$G24),$E24,"") | AR24: =IF(AND($AR$12>=$F24,$AR$12<$G24),$E24,"") | AS24: =IF(AND($AS$12>=$F24,$AS$12<$G24),$E24,"") | AT24: =IF(AND($AT$12>=$F24,$AT$12<$G24),$E24,"") | AU24: =IF(AND($AU$12>=$F24,$AU$12<$G24),$E24,"") | AV24: =IF(AND($AV$12>=$F24,$AV$12<$G24),$E24,"") | AW24: =IF(AND($AW$12>=$F24,$AW$12<$G24),$E24,"") | AX24: =IF(AND($AX$12>=$F24,$AX$12<$G24),$E24,"") | AY24: =IF(AND($AY$12>=$F24,$AY$12<$G24),$E24,"") | AZ24: =IF(AND($AZ$12>=$F24,$AZ$12<$G24),$E24,"") | BA24: =IF(AND($BA$12>=$F24,$BA$12<$G24),$E24,"") | BB24: =IF(AND($BB$12>=$F24,$BB$12<$G24),$E24,"") | BC24: =IF(AND($BC$12>=$F24,$BC$12<$G24),$E24,"") | BD24: =IF(AND($BD$12>=$F24,$BD$12<$G24),$E24,"") | BE24: =IF(AND($BE$12>=$F24,$BE$12<$G24),$E24,"") | BF24: =IF(AND($BF$12>=$F24,$BF$12<$G24),$E24,"") | BG24: =IF(AND($BG$12>=$F24,$BG$12<$G24),$E24,"") | BH24: =IF(AND($BH$12>=$F24,$BH$12<$G24),$E24,"") | BI24: =IF(AND($BI$12>=$F24,$BI$12<$G24),$E24,"") | BJ24: =IF(AND($BJ$12>=$F24,$BJ$12<$G24),$E24,"") | BK24: =IF(AND($BK$12>=$F24,$BK$12<$G24),$E24,"") | BL24: =IF(AND($BL$12>=$F24,$BL$12<$G24),$E24,"") | BM24: =IF(AND($BM$12>=$F24,$BM$12<$G24),$E24,"") | BN24: =IF(AND($BN$12>=$F24,$BN$12<$G24),$E24,"") | BO24: =IF(AND($BO$12>=$F24,$BO$12<$G24),$E24,"") | BP24: =IF(AND($BP$12>=$F24,$BP$12<$G24),$E24,"") | BQ24: =IF(AND($BQ$12>=$F24,$BQ$12<$G24),$E24,"") | BR24: =IF(AND($BR$12>=$F24,$BR$12<$G24),$E24,"") | BS24: =IF(AND($BS$12>=$F24,$BS$12<$G24),$E24,"") | BT24: =IF(AND($BT$12>=$F24,$BT$12<$G24),$E24,"")
B25: =Weekly!B17 -> 1275 | C25: =Weekly!C17 -> Da-yeon | D25: =Weekly!D25 -> Abad | E25: =VLOOKUP(B25,Team!$B$4:$E$183,4,FALSE) -> HH | F25: =Weekly!G17 | G25: =Weekly!H17 | H25: =IF(AND($H$12>=$F25,$H$12<$G25),$E25,"") | I25: =IF(AND($I$12>=$F25,$I$12<$G25),$E25,"") | J25: =IF(AND($J$12>=$F25,$J$12<$G25),$E25,"") | K25: =IF(AND($K$12>=$F25,$K$12<$G25),$E25,"") | L25: =IF(AND($L$12>=$F25,$L$12<$G25),$E25,"") | M25: =IF(AND($M$12>=$F25,$M$12<$G25),$E25,"") | N25: =IF(AND($N$12>=$F25,$N$12<$G25),$E25,"") | O25: =IF(AND($O$12>=$F25,$O$12<$G25),$E25,"") | P25: =IF(AND($P$12>=$F25,$P$12<$G25),$E25,"") | Q25: =IF(AND($Q$12>=$F25,$Q$12<$G25),$E25,"") | R25: =IF(AND($R$12>=$F25,$R$12<$G25),$E25,"") | S25: =IF(AND($S$12>=$F25,$S$12<$G25),$E25,"") | T25: =IF(AND($T$12>=$F25,$T$12<$G25),$E25,"") | U25: =IF(AND($U$12>=$F25,$U$12<$G25),$E25,"") | V25: =IF(AND($V$12>=$F25,$V$12<$G25),$E25,"") | W25: =IF(AND($W$12>=$F25,$W$12<$G25),$E25,"") | X25: =IF(AND($X$12>=$F25,$X$12<$G25),$E25,"") | Y25: =IF(AND($Y$12>=$F25,$Y$12<$G25),$E25,"") | Z25: =IF(AND($Z$12>=$F25,$Z$12<$G25),$E25,"") | AA25: =IF(AND($AA$12>=$F25,$AA$12<$G25),$E25,"") | AB25: =IF(AND($AB$12>=$F25,$AB$12<$G25),$E25,"") | AC25: =IF(AND($AC$12>=$F25,$AC$12<$G25),$E25,"") | AD25: =IF(AND($AD$12>=$F25,$AD$12<$G25),$E25,"") | AE25: =IF(AND($AE$12>=$F25,$AE$12<$G25),$E25,"") | AF25: =IF(AND($AF$12>=$F25,$AF$12<$G25),$E25,"") | AG25: =IF(AND($AG$12>=$F25,$AG$12<$G25),$E25,"") | AH25: =IF(AND($AH$12>=$F25,$AH$12<$G25),$E25,"") | AI25: =IF(AND($AI$12>=$F25,$AI$12<$G25),$E25,"") | AJ25: =IF(AND($AJ$12>=$F25,$AJ$12<$G25),$E25,"") | AK25: =IF(AND($AK$12>=$F25,$AK$12<$G25),$E25,"") | AL25: =IF(AND($AL$12>=$F25,$AL$12<$G25),$E25,"") | AM25: =IF(AND($AM$12>=$F25,$AM$12<$G25),$E25,"") | AN25: =IF(AND($AN$12>=$F25,$AN$12<$G25),$E25,"") | AO25: =IF(AND($AO$12>=$F25,$AO$12<$G25),$E25,"") | AP25: =IF(AND($AP$12>=$F25,$AP$12<$G25),$E25,"") | AQ25: =IF(AND($AQ$12>=$F25,$AQ$12<$G25),$E25,"") | AR25: =IF(AND($AR$12>=$F25,$AR$12<$G25),$E25,"") | AS25: =IF(AND($AS$12>=$F25,$AS$12<$G25),$E25,"") | AT25: =IF(AND($AT$12>=$F25,$AT$12<$G25),$E25,"") | AU25: =IF(AND($AU$12>=$F25,$AU$12<$G25),$E25,"") | AV25: =IF(AND($AV$12>=$F25,$AV$12<$G25),$E25,"") | AW25: =IF(AND($AW$12>=$F25,$AW$12<$G25),$E25,"") | AX25: =IF(AND($AX$12>=$F25,$AX$12<$G25),$E25,"") | AY25: =IF(AND($AY$12>=$F25,$AY$12<$G25),$E25,"") | AZ25: =IF(AND($AZ$12>=$F25,$AZ$12<$G25),$E25,"") | BA25: =IF(AND($BA$12>=$F25,$BA$12<$G25),$E25,"") | BB25: =IF(AND($BB$12>=$F25,$BB$12<$G25),$E25,"") | BC25: =IF(AND($BC$12>=$F25,$BC$12<$G25),$E25,"") | BD25: =IF(AND($BD$12>=$F25,$BD$12<$G25),$E25,"") | BE25: =IF(AND($BE$12>=$F25,$BE$12<$G25),$E25,"") | BF25: =IF(AND($BF$12>=$F25,$BF$12<$G25),$E25,"") | BG25: =IF(AND($BG$12>=$F25,$BG$12<$G25),$E25,"") | BH25: =IF(AND($BH$12>=$F25,$BH$12<$G25),$E25,"") | BI25: =IF(AND($BI$12>=$F25,$BI$12<$G25),$E25,"") | BJ25: =IF(AND($BJ$12>=$F25,$BJ$12<$G25),$E25,"") | BK25: =IF(AND($BK$12>=$F25,$BK$12<$G25),$E25,"") | BL25: =IF(AND($BL$12>=$F25,$BL$12<$G25),$E25,"") | BM25: =IF(AND($BM$12>=$F25,$BM$12<$G25),$E25,"") | BN25: =IF(AND($BN$12>=$F25,$BN$12<$G25),$E25,"") | BO25: =IF(AND($BO$12>=$F25,$BO$12<$G25),$E25,"") | BP25: =IF(AND($BP$12>=$F25,$BP$12<$G25),$E25,"") | BQ25: =IF(AND($BQ$12>=$F25,$BQ$12<$G25),$E25,"") | BR25: =IF(AND($BR$12>=$F25,$BR$12<$G25),$E25,"") | BS25: =IF(AND($BS$12>=$F25,$BS$12<$G25),$E25,"") | BT25: =IF(AND($BT$12>=$F25,$BT$12<$G25),$E25,"")
B26: =Weekly!B18 -> 1258 | C26: =Weekly!C18 -> Dennis | D26: =Weekly!D53 -> Chen | E26: =VLOOKUP(B26,Team!$B$4:$E$183,4,FALSE) -> Stat. | F26: =Weekly!G18 | G26: =Weekly!H18 | H26: =IF(AND($H$12>=$F26,$H$12<$G26),$E26,"") | I26: =IF(AND($I$12>=$F26,$I$12<$G26),$E26,"") | J26: =IF(AND($J$12>=$F26,$J$12<$G26),$E26,"") | K26: =IF(AND($K$12>=$F26,$K$12<$G26),$E26,"") | L26: =IF(AND($L$12>=$F26,$L$12<$G26),$E26,"") | M26: =IF(AND($M$12>=$F26,$M$12<$G26),$E26,"") | N26: =IF(AND($N$12>=$F26,$N$12<$G26),$E26,"") | O26: =IF(AND($O$12>=$F26,$O$12<$G26),$E26,"") | P26: =IF(AND($P$12>=$F26,$P$12<$G26),$E26,"") | Q26: =IF(AND($Q$12>=$F26,$Q$12<$G26),$E26,"") | R26: =IF(AND($R$12>=$F26,$R$12<$G26),$E26,"") | S26: =IF(AND($S$12>=$F26,$S$12<$G26),$E26,"") | T26: =IF(AND($T$12>=$F26,$T$12<$G26),$E26,"") | U26: =IF(AND($U$12>=$F26,$U$12<$G26),$E26,"") | V26: =IF(AND($V$12>=$F26,$V$12<$G26),$E26,"") | W26: =IF(AND($W$12>=$F26,$W$12<$G26),$E26,"") | X26: =IF(AND($X$12>=$F26,$X$12<$G26),$E26,"") | Y26: =IF(AND($Y$12>=$F26,$Y$12<$G26),$E26,"") | Z26: =IF(AND($Z$12>=$F26,$Z$12<$G26),$E26,"") | AA26: =IF(AND($AA$12>=$F26,$AA$12<$G26),$E26,"") | AB26: =IF(AND($AB$12>=$F26,$AB$12<$G26),$E26,"") | AC26: =IF(AND($AC$12>=$F26,$AC$12<$G26),$E26,"") | AD26: =IF(AND($AD$12>=$F26,$AD$12<$G26),$E26,"") | AE26: =IF(AND($AE$12>=$F26,$AE$12<$G26),$E26,"") | AF26: =IF(AND($AF$12>=$F26,$AF$12<$G26),$E26,"") | AG26: =IF(AND($AG$12>=$F26,$AG$12<$G26),$E26,"") | AH26: =IF(AND($AH$12>=$F26,$AH$12<$G26),$E26,"") | AI26: =IF(AND($AI$12>=$F26,$AI$12<$G26),$E26,"") | AJ26: =IF(AND($AJ$12>=$F26,$AJ$12<$G26),$E26,"") | AK26: =IF(AND($AK$12>=$F26,$AK$12<$G26),$E26,"") | AL26: =IF(AND($AL$12>=$F26,$AL$12<$G26),$E26,"") | AM26: =IF(AND($AM$12>=$F26,$AM$12<$G26),$E26,"") | AN26: =IF(AND($AN$12>=$F26,$AN$12<$G26),$E26,"") | AO26: =IF(AND($AO$12>=$F26,$AO$12<$G26),$E26,"") | AP26: =IF(AND($AP$12>=$F26,$AP$12<$G26),$E26,"") | AQ26: =IF(AND($AQ$12>=$F26,$AQ$12<$G26),$E26,"") | AR26: =IF(AND($AR$12>=$F26,$AR$12<$G26),$E26,"") | AS26: =IF(AND($AS$12>=$F26,$AS$12<$G26),$E26,"") | AT26: =IF(AND($AT$12>=$F26,$AT$12<$G26),$E26,"") | AU26: =IF(AND($AU$12>=$F26,$AU$12<$G26),$E26,"") | AV26: =IF(AND($AV$12>=$F26,$AV$12<$G26),$E26,"") | AW26: =IF(AND($AW$12>=$F26,$AW$12<$G26),$E26,"") | AX26: =IF(AND($AX$12>=$F26,$AX$12<$G26),$E26,"") | AY26: =IF(AND($AY$12>=$F26,$AY$12<$G26),$E26,"") | AZ26: =IF(AND($AZ$12>=$F26,$AZ$12<$G26),$E26,"") | BA26: =IF(AND($BA$12>=$F26,$BA$12<$G26),$E26,"") | BB26: =IF(AND($BB$12>=$F26,$BB$12<$G26),$E26,"") | BC26: =IF(AND($BC$12>=$F26,$BC$12<$G26),$E26,"") | BD26: =IF(AND($BD$12>=$F26,$BD$12<$G26),$E26,"") | BE26: =IF(AND($BE$12>=$F26,$BE$12<$G26),$E26,"") | BF26: =IF(AND($BF$12>=$F26,$BF$12<$G26),$E26,"") | BG26: =IF(AND($BG$12>=$F26,$BG$12<$G26),$E26,"") | BH26: =IF(AND($BH$12>=$F26,$BH$12<$G26),$E26,"") | BI26: =IF(AND($BI$12>=$F26,$BI$12<$G26),$E26,"") | BJ26: =IF(AND($BJ$12>=$F26,$BJ$12<$G26),$E26,"") | BK26: =IF(AND($BK$12>=$F26,$BK$12<$G26),$E26,"") | BL26: =IF(AND($BL$12>=$F26,$BL$12<$G26),$E26,"") | BM26: =IF(AND($BM$12>=$F26,$BM$12<$G26),$E26,"") | BN26: =IF(AND($BN$12>=$F26,$BN$12<$G26),$E26,"") | BO26: =IF(AND($BO$12>=$F26,$BO$12<$G26),$E26,"") | BP26: =IF(AND($BP$12>=$F26,$BP$12<$G26),$E26,"") | BQ26: =IF(AND($BQ$12>=$F26,$BQ$12<$G26),$E26,"") | BR26: =IF(AND($BR$12>=$F26,$BR$12<$G26),$E26,"") | BS26: =IF(AND($BS$12>=$F26,$BS$12<$G26),$E26,"") | BT26: =IF(AND($BT$12>=$F26,$BT$12<$G26),$E26,"")
B27: =Weekly!B19 -> 1131 | C27: =Weekly!C19 -> Doris | D27: =Weekly!D55 -> Lee | E27: =VLOOKUP(B27,Team!$B$4:$E$183,4,FALSE) -> L's | F27: =Weekly!G19 | G27: =Weekly!H19 | H27: =IF(AND($H$12>=$F27,$H$12<$G27),$E27,"") | I27: =IF(AND($I$12>=$F27,$I$12<$G27),$E27,"") | J27: =IF(AND($J$12>=$F27,$J$12<$G27),$E27,"") | K27: =IF(AND($K$12>=$F27,$K$12<$G27),$E27,"") | L27: =IF(AND($L$12>=$F27,$L$12<$G27),$E27,"") | M27: =IF(AND($M$12>=$F27,$M$12<$G27),$E27,"") | N27: =IF(AND($N$12>=$F27,$N$12<$G27),$E27,"") | O27: =IF(AND($O$12>=$F27,$O$12<$G27),$E27,"") | P27: =IF(AND($P$12>=$F27,$P$12<$G27),$E27,"") | Q27: =IF(AND($Q$12>=$F27,$Q$12<$G27),$E27,"") | R27: =IF(AND($R$12>=$F27,$R$12<$G27),$E27,"") | S27: =IF(AND($S$12>=$F27,$S$12<$G27),$E27,"") | T27: =IF(AND($T$12>=$F27,$T$12<$G27),$E27,"") | U27: =IF(AND($U$12>=$F27,$U$12<$G27),$E27,"") | V27: =IF(AND($V$12>=$F27,$V$12<$G27),$E27,"") | W27: =IF(AND($W$12>=$F27,$W$12<$G27),$E27,"") | X27: =IF(AND($X$12>=$F27,$X$12<$G27),$E27,"") | Y27: =IF(AND($Y$12>=$F27,$Y$12<$G27),$E27,"") | Z27: =IF(AND($Z$12>=$F27,$Z$12<$G27),$E27,"") | AA27: =IF(AND($AA$12>=$F27,$AA$12<$G27),$E27,"") | AB27: =IF(AND($AB$12>=$F27,$AB$12<$G27),$E27,"") | AC27: =IF(AND($AC$12>=$F27,$AC$12<$G27),$E27,"") | AD27: =IF(AND($AD$12>=$F27,$AD$12<$G27),$E27,"") | AE27: =IF(AND($AE$12>=$F27,$AE$12<$G27),$E27,"") | AF27: =IF(AND($AF$12>=$F27,$AF$12<$G27),$E27,"") | AG27: =IF(AND($AG$12>=$F27,$AG$12<$G27),$E27,"") | AH27: =IF(AND($AH$12>=$F27,$AH$12<$G27),$E27,"") | AI27: =IF(AND($AI$12>=$F27,$AI$12<$G27),$E27,"") | AJ27: =IF(AND($AJ$12>=$F27,$AJ$12<$G27),$E27,"") | AK27: =IF(AND($AK$12>=$F27,$AK$12<$G27),$E27,"") | AL27: =IF(AND($AL$12>=$F27,$AL$12<$G27),$E27,"") | AM27: =IF(AND($AM$12>=$F27,$AM$12<$G27),$E27,"") | AN27: =IF(AND($AN$12>=$F27,$AN$12<$G27),$E27,"") | AO27: =IF(AND($AO$12>=$F27,$AO$12<$G27),$E27,"") | AP27: =IF(AND($AP$12>=$F27,$AP$12<$G27),$E27,"") | AQ27: =IF(AND($AQ$12>=$F27,$AQ$12<$G27),$E27,"") | AR27: =IF(AND($AR$12>=$F27,$AR$12<$G27),$E27,"") | AS27: =IF(AND($AS$12>=$F27,$AS$12<$G27),$E27,"") | AT27: =IF(AND($AT$12>=$F27,$AT$12<$G27),$E27,"") | AU27: =IF(AND($AU$12>=$F27,$AU$12<$G27),$E27,"") | AV27: =IF(AND($AV$12>=$F27,$AV$12<$G27),$E27,"") | AW27: =IF(AND($AW$12>=$F27,$AW$12<$G27),$E27,"") | AX27: =IF(AND($AX$12>=$F27,$AX$12<$G27),$E27,"") | AY27: =IF(AND($AY$12>=$F27,$AY$12<$G27),$E27,"") | AZ27: =IF(AND($AZ$12>=$F27,$AZ$12<$G27),$E27,"") | BA27: =IF(AND($BA$12>=$F27,$BA$12<$G27),$E27,"") | BB27: =IF(AND($BB$12>=$F27,$BB$12<$G27),$E27,"") | BC27: =IF(AND($BC$12>=$F27,$BC$12<$G27),$E27,"") | BD27: =IF(AND($BD$12>=$F27,$BD$12<$G27),$E27,"") | BE27: =IF(AND($BE$12>=$F27,$BE$12<$G27),$E27,"") | BF27: =IF(AND($BF$12>=$F27,$BF$12<$G27),$E27,"") | BG27: =IF(AND($BG$12>=$F27,$BG$12<$G27),$E27,"") | BH27: =IF(AND($BH$12>=$F27,$BH$12<$G27),$E27,"") | BI27: =IF(AND($BI$12>=$F27,$BI$12<$G27),$E27,"") | BJ27: =IF(AND($BJ$12>=$F27,$BJ$12<$G27),$E27,"") | BK27: =IF(AND($BK$12>=$F27,$BK$12<$G27),$E27,"") | BL27: =IF(AND($BL$12>=$F27,$BL$12<$G27),$E27,"") | BM27: =IF(AND($BM$12>=$F27,$BM$12<$G27),$E27,"") | BN27: =IF(AND($BN$12>=$F27,$BN$12<$G27),$E27,"") | BO27: =IF(AND($BO$12>=$F27,$BO$12<$G27),$E27,"") | BP27: =IF(AND($BP$12>=$F27,$BP$12<$G27),$E27,"") | BQ27: =IF(AND($BQ$12>=$F27,$BQ$12<$G27),$E27,"") | BR27: =IF(AND($BR$12>=$F27,$BR$12<$G27),$E27,"") | BS27: =IF(AND($BS$12>=$F27,$BS$12<$G27),$E27,"") | BT27: =IF(AND($BT$12>=$F27,$BT$12<$G27),$E27,"")
B28: =Weekly!B20 -> 01601 | C28: =Weekly!C20 -> Dorothy | D28: =Weekly!D62 -> 0 | E28: =VLOOKUP(B28,Team!$B$4:$E$183,4,FALSE) -> M's | F28: =Weekly!G20 | G28: =Weekly!H20 | H28: =IF(AND($H$12>=$F28,$H$12<$G28),$E28,"") | I28: =IF(AND($I$12>=$F28,$I$12<$G28),$E28,"") | J28: =IF(AND($J$12>=$F28,$J$12<$G28),$E28,"") | K28: =IF(AND($K$12>=$F28,$K$12<$G28),$E28,"") | L28: =IF(AND($L$12>=$F28,$L$12<$G28),$E28,"") | M28: =IF(AND($M$12>=$F28,$M$12<$G28),$E28,"") | N28: =IF(AND($N$12>=$F28,$N$12<$G28),$E28,"") | O28: =IF(AND($O$12>=$F28,$O$12<$G28),$E28,"") | P28: =IF(AND($P$12>=$F28,$P$12<$G28),$E28,"") | Q28: =IF(AND($Q$12>=$F28,$Q$12<$G28),$E28,"") | R28: =IF(AND($R$12>=$F28,$R$12<$G28),$E28,"") | S28: =IF(AND($S$12>=$F28,$S$12<$G28),$E28,"") | T28: =IF(AND($T$12>=$F28,$T$12<$G28),$E28,"") | U28: =IF(AND($U$12>=$F28,$U$12<$G28),$E28,"") | V28: =IF(AND($V$12>=$F28,$V$12<$G28),$E28,"") | W28: =IF(AND($W$12>=$F28,$W$12<$G28),$E28,"") | X28: =IF(AND($X$12>=$F28,$X$12<$G28),$E28,"") | Y28: =IF(AND($Y$12>=$F28,$Y$12<$G28),$E28,"") | Z28: =IF(AND($Z$12>=$F28,$Z$12<$G28),$E28,"") | AA28: =IF(AND($AA$12>=$F28,$AA$12<$G28),$E28,"") | AB28: =IF(AND($AB$12>=$F28,$AB$12<$G28),$E28,"") | AC28: =IF(AND($AC$12>=$F28,$AC$12<$G28),$E28,"") | AD28: =IF(AND($AD$12>=$F28,$AD$12<$G28),$E28,"") | AE28: =IF(AND($AE$12>=$F28,$AE$12<$G28),$E28,"") | AF28: =IF(AND($AF$12>=$F28,$AF$12<$G28),$E28,"") | AG28: =IF(AND($AG$12>=$F28,$AG$12<$G28),$E28,"") | AH28: =IF(AND($AH$12>=$F28,$AH$12<$G28),$E28,"") | AI28: =IF(AND($AI$12>=$F28,$AI$12<$G28),$E28,"") | AJ28: =IF(AND($AJ$12>=$F28,$AJ$12<$G28),$E28,"") | AK28: =IF(AND($AK$12>=$F28,$AK$12<$G28),$E28,"") | AL28: =IF(AND($AL$12>=$F28,$AL$12<$G28),$E28,"") | AM28: =IF(AND($AM$12>=$F28,$AM$12<$G28),$E28,"") | AN28: =IF(AND($AN$12>=$F28,$AN$12<$G28),$E28,"") | AO28: =IF(AND($AO$12>=$F28,$AO$12<$G28),$E28,"") | AP28: =IF(AND($AP$12>=$F28,$AP$12<$G28),$E28,"") | AQ28: =IF(AND($AQ$12>=$F28,$AQ$12<$G28),$E28,"") | AR28: =IF(AND($AR$12>=$F28,$AR$12<$G28),$E28,"") | AS28: =IF(AND($AS$12>=$F28,$AS$12<$G28),$E28,"") | AT28: =IF(AND($AT$12>=$F28,$AT$12<$G28),$E28,"") | AU28: =IF(AND($AU$12>=$F28,$AU$12<$G28),$E28,"") | AV28: =IF(AND($AV$12>=$F28,$AV$12<$G28),$E28,"") | AW28: =IF(AND($AW$12>=$F28,$AW$12<$G28),$E28,"") | AX28: =IF(AND($AX$12>=$F28,$AX$12<$G28),$E28,"") | AY28: =IF(AND($AY$12>=$F28,$AY$12<$G28),$E28,"") | AZ28: =IF(AND($AZ$12>=$F28,$AZ$12<$G28),$E28,"") | BA28: =IF(AND($BA$12>=$F28,$BA$12<$G28),$E28,"") | BB28: =IF(AND($BB$12>=$F28,$BB$12<$G28),$E28,"") | BC28: =IF(AND($BC$12>=$F28,$BC$12<$G28),$E28,"") | BD28: =IF(AND($BD$12>=$F28,$BD$12<$G28),$E28,"") | BE28: =IF(AND($BE$12>=$F28,$BE$12<$G28),$E28,"") | BF28: =IF(AND($BF$12>=$F28,$BF$12<$G28),$E28,"") | BG28: =IF(AND($BG$12>=$F28,$BG$12<$G28),$E28,"") | BH28: =IF(AND($BH$12>=$F28,$BH$12<$G28),$E28,"") | BI28: =IF(AND($BI$12>=$F28,$BI$12<$G28),$E28,"") | BJ28: =IF(AND($BJ$12>=$F28,$BJ$12<$G28),$E28,"") | BK28: =IF(AND($BK$12>=$F28,$BK$12<$G28),$E28,"") | BL28: =IF(AND($BL$12>=$F28,$BL$12<$G28),$E28,"") | BM28: =IF(AND($BM$12>=$F28,$BM$12<$G28),$E28,"") | BN28: =IF(AND($BN$12>=$F28,$BN$12<$G28),$E28,"") | BO28: =IF(AND($BO$12>=$F28,$BO$12<$G28),$E28,"") | BP28: =IF(AND($BP$12>=$F28,$BP$12<$G28),$E28,"") | BQ28: =IF(AND($BQ$12>=$F28,$BQ$12<$G28),$E28,"") | BR28: =IF(AND($BR$12>=$F28,$BR$12<$G28),$E28,"") | BS28: =IF(AND($BS$12>=$F28,$BS$12<$G28),$E28,"") | BT28: =IF(AND($BT$12>=$F28,$BT$12<$G28),$E28,"")
B29: =Weekly!B21 -> 01506 | C29: =Weekly!C21 -> Duke | D29: =Weekly!D18 -> Kim | E29: =VLOOKUP(B29,Team!$B$4:$E$183,4,FALSE) -> HH | F29: =Weekly!G21 | G29: =Weekly!H21 | H29: =IF(AND($H$12>=$F29,$H$12<$G29),$E29,"") | I29: =IF(AND($I$12>=$F29,$I$12<$G29),$E29,"") | J29: =IF(AND($J$12>=$F29,$J$12<$G29),$E29,"") | K29: =IF(AND($K$12>=$F29,$K$12<$G29),$E29,"") | L29: =IF(AND($L$12>=$F29,$L$12<$G29),$E29,"") | M29: =IF(AND($M$12>=$F29,$M$12<$G29),$E29,"") | N29: =IF(AND($N$12>=$F29,$N$12<$G29),$E29,"") | O29: =IF(AND($O$12>=$F29,$O$12<$G29),$E29,"") | P29: =IF(AND($P$12>=$F29,$P$12<$G29),$E29,"") | Q29: =IF(AND($Q$12>=$F29,$Q$12<$G29),$E29,"") | R29: =IF(AND($R$12>=$F29,$R$12<$G29),$E29,"") | S29: =IF(AND($S$12>=$F29,$S$12<$G29),$E29,"") | T29: =IF(AND($T$12>=$F29,$T$12<$G29),$E29,"") | U29: =IF(AND($U$12>=$F29,$U$12<$G29),$E29,"") | V29: =IF(AND($V$12>=$F29,$V$12<$G29),$E29,"") | W29: =IF(AND($W$12>=$F29,$W$12<$G29),$E29,"") | X29: =IF(AND($X$12>=$F29,$X$12<$G29),$E29,"") | Y29: =IF(AND($Y$12>=$F29,$Y$12<$G29),$E29,"") | Z29: =IF(AND($Z$12>=$F29,$Z$12<$G29),$E29,"") | AA29: =IF(AND($AA$12>=$F29,$AA$12<$G29),$E29,"") | AB29: =IF(AND($AB$12>=$F29,$AB$12<$G29),$E29,"") | AC29: =IF(AND($AC$12>=$F29,$AC$12<$G29),$E29,"") | AD29: =IF(AND($AD$12>=$F29,$AD$12<$G29),$E29,"") | AE29: =IF(AND($AE$12>=$F29,$AE$12<$G29),$E29,"") | AF29: =IF(AND($AF$12>=$F29,$AF$12<$G29),$E29,"") | AG29: =IF(AND($AG$12>=$F29,$AG$12<$G29),$E29,"") | AH29: =IF(AND($AH$12>=$F29,$AH$12<$G29),$E29,"") | AI29: =IF(AND($AI$12>=$F29,$AI$12<$G29),$E29,"") | AJ29: =IF(AND($AJ$12>=$F29,$AJ$12<$G29),$E29,"") | AK29: =IF(AND($AK$12>=$F29,$AK$12<$G29),$E29,"") | AL29: =IF(AND($AL$12>=$F29,$AL$12<$G29),$E29,"") | AM29: =IF(AND($AM$12>=$F29,$AM$12<$G29),$E29,"") | AN29: =IF(AND($AN$12>=$F29,$AN$12<$G29),$E29,"") | AO29: =IF(AND($AO$12>=$F29,$AO$12<$G29),$E29,"") | AP29: =IF(AND($AP$12>=$F29,$AP$12<$G29),$E29,"") | AQ29: =IF(AND($AQ$12>=$F29,$AQ$12<$G29),$E29,"") | AR29: =IF(AND($AR$12>=$F29,$AR$12<$G29),$E29,"") | AS29: =IF(AND($AS$12>=$F29,$AS$12<$G29),$E29,"") | AT29: =IF(AND($AT$12>=$F29,$AT$12<$G29),$E29,"") | AU29: =IF(AND($AU$12>=$F29,$AU$12<$G29),$E29,"") | AV29: =IF(AND($AV$12>=$F29,$AV$12<$G29),$E29,"") | AW29: =IF(AND($AW$12>=$F29,$AW$12<$G29),$E29,"") | AX29: =IF(AND($AX$12>=$F29,$AX$12<$G29),$E29,"") | AY29: =IF(AND($AY$12>=$F29,$AY$12<$G29),$E29,"") | AZ29: =IF(AND($AZ$12>=$F29,$AZ$12<$G29),$E29,"") | BA29: =IF(AND($BA$12>=$F29,$BA$12<$G29),$E29,"") | BB29: =IF(AND($BB$12>=$F29,$BB$12<$G29),$E29,"") | BC29: =IF(AND($BC$12>=$F29,$BC$12<$G29),$E29,"") | BD29: =IF(AND($BD$12>=$F29,$BD$12<$G29),$E29,"") | BE29: =IF(AND($BE$12>=$F29,$BE$12<$G29),$E29,"") | BF29: =IF(AND($BF$12>=$F29,$BF$12<$G29),$E29,"") | BG29: =IF(AND($BG$12>=$F29,$BG$12<$G29),$E29,"") | BH29: =IF(AND($BH$12>=$F29,$BH$12<$G29),$E29,"") | BI29: =IF(AND($BI$12>=$F29,$BI$12<$G29),$E29,"") | BJ29: =IF(AND($BJ$12>=$F29,$BJ$12<$G29),$E29,"") | BK29: =IF(AND($BK$12>=$F29,$BK$12<$G29),$E29,"") | BL29: =IF(AND($BL$12>=$F29,$BL$12<$G29),$E29,"") | BM29: =IF(AND($BM$12>=$F29,$BM$12<$G29),$E29,"") | BN29: =IF(AND($BN$12>=$F29,$BN$12<$G29),$E29,"") | BO29: =IF(AND($BO$12>=$F29,$BO$12<$G29),$E29,"") | BP29: =IF(AND($BP$12>=$F29,$BP$12<$G29),$E29,"") | BQ29: =IF(AND($BQ$12>=$F29,$BQ$12<$G29),$E29,"") | BR29: =IF(AND($BR$12>=$F29,$BR$12<$G29),$E29,"") | BS29: =IF(AND($BS$12>=$F29,$BS$12<$G29),$E29,"") | BT29: =IF(AND($BT$12>=$F29,$BT$12<$G29),$E29,"")
B30: =Weekly!B22 -> 01526 | C30: =Weekly!C22 -> Emma | D30: =Weekly!D38 -> Bongolan | E30: =VLOOKUP(B30,Team!$B$4:$E$183,4,FALSE) -> L's | F30: =Weekly!G22 | G30: =Weekly!H22 | H30: =IF(AND($H$12>=$F30,$H$12<$G30),$E30,"") | I30: =IF(AND($I$12>=$F30,$I$12<$G30),$E30,"") | J30: =IF(AND($J$12>=$F30,$J$12<$G30),$E30,"") | K30: =IF(AND($K$12>=$F30,$K$12<$G30),$E30,"") | L30: =IF(AND($L$12>=$F30,$L$12<$G30),$E30,"") | M30: =IF(AND($M$12>=$F30,$M$12<$G30),$E30,"") | N30: =IF(AND($N$12>=$F30,$N$12<$G30),$E30,"") | O30: =IF(AND($O$12>=$F30,$O$12<$G30),$E30,"") | P30: =IF(AND($P$12>=$F30,$P$12<$G30),$E30,"") | Q30: =IF(AND($Q$12>=$F30,$Q$12<$G30),$E30,"") | R30: =IF(AND($R$12>=$F30,$R$12<$G30),$E30,"") | S30: =IF(AND($S$12>=$F30,$S$12<$G30),$E30,"") | T30: =IF(AND($T$12>=$F30,$T$12<$G30),$E30,"") | U30: =IF(AND($U$12>=$F30,$U$12<$G30),$E30,"") | V30: =IF(AND($V$12>=$F30,$V$12<$G30),$E30,"") | W30: =IF(AND($W$12>=$F30,$W$12<$G30),$E30,"") | X30: =IF(AND($X$12>=$F30,$X$12<$G30),$E30,"") | Y30: =IF(AND($Y$12>=$F30,$Y$12<$G30),$E30,"") | Z30: =IF(AND($Z$12>=$F30,$Z$12<$G30),$E30,"") | AA30: =IF(AND($AA$12>=$F30,$AA$12<$G30),$E30,"") | AB30: =IF(AND($AB$12>=$F30,$AB$12<$G30),$E30,"") | AC30: =IF(AND($AC$12>=$F30,$AC$12<$G30),$E30,"") | AD30: =IF(AND($AD$12>=$F30,$AD$12<$G30),$E30,"") | AE30: =IF(AND($AE$12>=$F30,$AE$12<$G30),$E30,"") | AF30: =IF(AND($AF$12>=$F30,$AF$12<$G30),$E30,"") | AG30: =IF(AND($AG$12>=$F30,$AG$12<$G30),$E30,"") | AH30: =IF(AND($AH$12>=$F30,$AH$12<$G30),$E30,"") | AI30: =IF(AND($AI$12>=$F30,$AI$12<$G30),$E30,"") | AJ30: =IF(AND($AJ$12>=$F30,$AJ$12<$G30),$E30,"") | AK30: =IF(AND($AK$12>=$F30,$AK$12<$G30),$E30,"") | AL30: =IF(AND($AL$12>=$F30,$AL$12<$G30),$E30,"") | AM30: =IF(AND($AM$12>=$F30,$AM$12<$G30),$E30,"") | AN30: =IF(AND($AN$12>=$F30,$AN$12<$G30),$E30,"") | AO30: =IF(AND($AO$12>=$F30,$AO$12<$G30),$E30,"") | AP30: =IF(AND($AP$12>=$F30,$AP$12<$G30),$E30,"") | AQ30: =IF(AND($AQ$12>=$F30,$AQ$12<$G30),$E30,"") | AR30: =IF(AND($AR$12>=$F30,$AR$12<$G30),$E30,"") | AS30: =IF(AND($AS$12>=$F30,$AS$12<$G30),$E30,"") | AT30: =IF(AND($AT$12>=$F30,$AT$12<$G30),$E30,"") | AU30: =IF(AND($AU$12>=$F30,$AU$12<$G30),$E30,"") | AV30: =IF(AND($AV$12>=$F30,$AV$12<$G30),$E30,"") | AW30: =IF(AND($AW$12>=$F30,$AW$12<$G30),$E30,"") | AX30: =IF(AND($AX$12>=$F30,$AX$12<$G30),$E30,"") | AY30: =IF(AND($AY$12>=$F30,$AY$12<$G30),$E30,"") | AZ30: =IF(AND($AZ$12>=$F30,$AZ$12<$G30),$E30,"") | BA30: =IF(AND($BA$12>=$F30,$BA$12<$G30),$E30,"") | BB30: =IF(AND($BB$12>=$F30,$BB$12<$G30),$E30,"") | BC30: =IF(AND($BC$12>=$F30,$BC$12<$G30),$E30,"") | BD30: =IF(AND($BD$12>=$F30,$BD$12<$G30),$E30,"") | BE30: =IF(AND($BE$12>=$F30,$BE$12<$G30),$E30,"") | BF30: =IF(AND($BF$12>=$F30,$BF$12<$G30),$E30,"") | BG30: =IF(AND($BG$12>=$F30,$BG$12<$G30),$E30,"") | BH30: =IF(AND($BH$12>=$F30,$BH$12<$G30),$E30,"") | BI30: =IF(AND($BI$12>=$F30,$BI$12<$G30),$E30,"") | BJ30: =IF(AND($BJ$12>=$F30,$BJ$12<$G30),$E30,"") | BK30: =IF(AND($BK$12>=$F30,$BK$12<$G30),$E30,"") | BL30: =IF(AND($BL$12>=$F30,$BL$12<$G30),$E30,"") | BM30: =IF(AND($BM$12>=$F30,$BM$12<$G30),$E30,"") | BN30: =IF(AND($BN$12>=$F30,$BN$12<$G30),$E30,"") | BO30: =IF(AND($BO$12>=$F30,$BO$12<$G30),$E30,"") | BP30: =IF(AND($BP$12>=$F30,$BP$12<$G30),$E30,"") | BQ30: =IF(AND($BQ$12>=$F30,$BQ$12<$G30),$E30,"") | BR30: =IF(AND($BR$12>=$F30,$BR$12<$G30),$E30,"") | BS30: =IF(AND($BS$12>=$F30,$BS$12<$G30),$E30,"") | BT30: =IF(AND($BT$12>=$F30,$BT$12<$G30),$E30,"")
B31: =Weekly!B23 -> 1025 | C31: =Weekly!C23 -> Eunice | D31: =Weekly!D10 -> Naritsuka-Hayler | E31: =VLOOKUP(B31,Team!$B$4:$E$183,4,FALSE) -> L's | F31: =Weekly!G23 | G31: =Weekly!H23 | H31: =IF(AND($H$12>=$F31,$H$12<$G31),$E31,"") | I31: =IF(AND($I$12>=$F31,$I$12<$G31),$E31,"") | J31: =IF(AND($J$12>=$F31,$J$12<$G31),$E31,"") | K31: =IF(AND($K$12>=$F31,$K$12<$G31),$E31,"") | L31: =IF(AND($L$12>=$F31,$L$12<$G31),$E31,"") | M31: =IF(AND($M$12>=$F31,$M$12<$G31),$E31,"") | N31: =IF(AND($N$12>=$F31,$N$12<$G31),$E31,"") | O31: =IF(AND($O$12>=$F31,$O$12<$G31),$E31,"") | P31: =IF(AND($P$12>=$F31,$P$12<$G31),$E31,"") | Q31: =IF(AND($Q$12>=$F31,$Q$12<$G31),$E31,"") | R31: =IF(AND($R$12>=$F31,$R$12<$G31),$E31,"") | S31: =IF(AND($S$12>=$F31,$S$12<$G31),$E31,"") | T31: =IF(AND($T$12>=$F31,$T$12<$G31),$E31,"") | U31: =IF(AND($U$12>=$F31,$U$12<$G31),$E31,"") | V31: =IF(AND($V$12>=$F31,$V$12<$G31),$E31,"") | W31: =IF(AND($W$12>=$F31,$W$12<$G31),$E31,"") | X31: =IF(AND($X$12>=$F31,$X$12<$G31),$E31,"") | Y31: =IF(AND($Y$12>=$F31,$Y$12<$G31),$E31,"") | Z31: =IF(AND($Z$12>=$F31,$Z$12<$G31),$E31,"") | AA31: =IF(AND($AA$12>=$F31,$AA$12<$G31),$E31,"") | AB31: =IF(AND($AB$12>=$F31,$AB$12<$G31),$E31,"") | AC31: =IF(AND($AC$12>=$F31,$AC$12<$G31),$E31,"") | AD31: =IF(AND($AD$12>=$F31,$AD$12<$G31),$E31,"") | AE31: =IF(AND($AE$12>=$F31,$AE$12<$G31),$E31,"") | AF31: =IF(AND($AF$12>=$F31,$AF$12<$G31),$E31,"") | AG31: =IF(AND($AG$12>=$F31,$AG$12<$G31),$E31,"") | AH31: =IF(AND($AH$12>=$F31,$AH$12<$G31),$E31,"") | AI31: =IF(AND($AI$12>=$F31,$AI$12<$G31),$E31,"") | AJ31: =IF(AND($AJ$12>=$F31,$AJ$12<$G31),$E31,"") | AK31: =IF(AND($AK$12>=$F31,$AK$12<$G31),$E31,"") | AL31: =IF(AND($AL$12>=$F31,$AL$12<$G31),$E31,"") | AM31: =IF(AND($AM$12>=$F31,$AM$12<$G31),$E31,"") | AN31: =IF(AND($AN$12>=$F31,$AN$12<$G31),$E31,"") | AO31: =IF(AND($AO$12>=$F31,$AO$12<$G31),$E31,"") | AP31: =IF(AND($AP$12>=$F31,$AP$12<$G31),$E31,"") | AQ31: =IF(AND($AQ$12>=$F31,$AQ$12<$G31),$E31,"") | AR31: =IF(AND($AR$12>=$F31,$AR$12<$G31),$E31,"") | AS31: =IF(AND($AS$12>=$F31,$AS$12<$G31),$E31,"") | AT31: =IF(AND($AT$12>=$F31,$AT$12<$G31),$E31,"") | AU31: =IF(AND($AU$12>=$F31,$AU$12<$G31),$E31,"") | AV31: =IF(AND($AV$12>=$F31,$AV$12<$G31),$E31,"") | AW31: =IF(AND($AW$12>=$F31,$AW$12<$G31),$E31,"") | AX31: =IF(AND($AX$12>=$F31,$AX$12<$G31),$E31,"") | AY31: =IF(AND($AY$12>=$F31,$AY$12<$G31),$E31,"") | AZ31: =IF(AND($AZ$12>=$F31,$AZ$12<$G31),$E31,"") | BA31: =IF(AND($BA$12>=$F31,$BA$12<$G31),$E31,"") | BB31: =IF(AND($BB$12>=$F31,$BB$12<$G31),$E31,"") | BC31: =IF(AND($BC$12>=$F31,$BC$12<$G31),$E31,"") | BD31: =IF(AND($BD$12>=$F31,$BD$12<$G31),$E31,"") | BE31: =IF(AND($BE$12>=$F31,$BE$12<$G31),$E31,"") | BF31: =IF(AND($BF$12>=$F31,$BF$12<$G31),$E31,"") | BG31: =IF(AND($BG$12>=$F31,$BG$12<$G31),$E31,"") | BH31: =IF(AND($BH$12>=$F31,$BH$12<$G31),$E31,"") | BI31: =IF(AND($BI$12>=$F31,$BI$12<$G31),$E31,"") | BJ31: =IF(AND($BJ$12>=$F31,$BJ$12<$G31),$E31,"") | BK31: =IF(AND($BK$12>=$F31,$BK$12<$G31),$E31,"") | BL31: =IF(AND($BL$12>=$F31,$BL$12<$G31),$E31,"") | BM31: =IF(AND($BM$12>=$F31,$BM$12<$G31),$E31,"") | BN31: =IF(AND($BN$12>=$F31,$BN$12<$G31),$E31,"") | BO31: =IF(AND($BO$12>=$F31,$BO$12<$G31),$E31,"") | BP31: =IF(AND($BP$12>=$F31,$BP$12<$G31),$E31,"") | BQ31: =IF(AND($BQ$12>=$F31,$BQ$12<$G31),$E31,"") | BR31: =IF(AND($BR$12>=$F31,$BR$12<$G31),$E31,"") | BS31: =IF(AND($BS$12>=$F31,$BS$12<$G31),$E31,"") | BT31: =IF(AND($BT$12>=$F31,$BT$12<$G31),$E31,"")
B32: =Weekly!B41 -> 01517 | C32: =Weekly!C41 -> Lona | D32: =Weekly!D79 -> 0 | E32: =VLOOKUP(B32,Team!$B$4:$E$183,4,FALSE) -> M's | F32: =Weekly!G41 -> 0.35416667 | G32: =Weekly!H41 -> 0.6875 | H32: =IF(AND($H$12>=$F32,$H$12<$G32),$E32,"") | I32: =IF(AND($I$12>=$F32,$I$12<$G32),$E32,"") | J32: =IF(AND($J$12>=$F32,$J$12<$G32),$E32,"") | K32: =IF(AND($K$12>=$F32,$K$12<$G32),$E32,"") | L32: =IF(AND($L$12>=$F32,$L$12<$G32),$E32,"") | M32: =IF(AND($M$12>=$F32,$M$12<$G32),$E32,"") | N32: H | O32: CC | P32: CC | Q32: CC | R32: =IF(AND($R$12>=$F32,$R$12<$G32),$E32,"") -> M's | S32: =IF(AND($S$12>=$F32,$S$12<$G32),$E32,"") -> M's | T32: =IF(AND($T$12>=$F32,$T$12<$G32),$E32,"") -> M's | U32: =IF(AND($U$12>=$F32,$U$12<$G32),$E32,"") -> M's | V32: FR | W32: FR | X32: FR | Y32: 40 | Z32: 40 | AA32: 40 | AB32: =IF(AND($AB$12>=$F32,$AB$12<$G32),$E32,"") -> M's | AC32: =IF(AND($AC$12>=$F32,$AC$12<$G32),$E32,"") -> M's | AD32: =IF(AND($AD$12>=$F32,$AD$12<$G32),$E32,"") -> M's | AE32: =IF(AND($AE$12>=$F32,$AE$12<$G32),$E32,"") -> M's | AF32: R | AG32: R | AH32: R | AI32: R | AJ32: R | AK32: 10 | AL32: =IF(AND($AL$12>=$F32,$AL$12<$G32),$E32,"") -> M's | AM32: =IF(AND($AM$12>=$F32,$AM$12<$G32),$E32,"") -> M's | AN32: =IF(AND($AN$12>=$F32,$AN$12<$G32),$E32,"") -> M's | AO32: =IF(AND($AO$12>=$F32,$AO$12<$G32),$E32,"") -> M's | AP32: =IF(AND($AP$12>=$F32,$AP$12<$G32),$E32,"") -> M's | AQ32: =IF(AND($AQ$12>=$F32,$AQ$12<$G32),$E32,"") -> M's | AR32: =IF(AND($AR$12>=$F32,$AR$12<$G32),$E32,"") -> M's | AS32: =IF(AND($AS$12>=$F32,$AS$12<$G32),$E32,"") -> M's | AT32: =IF(AND($AT$12>=$F32,$AT$12<$G32),$E32,"") | AU32: =IF(AND($AU$12>=$F32,$AU$12<$G32),$E32,"") | AV32: =IF(AND($AV$12>=$F32,$AV$12<$G32),$E32,"") | AW32: =IF(AND($AW$12>=$F32,$AW$12<$G32),$E32,"") | AX32: =IF(AND($AX$12>=$F32,$AX$12<$G32),$E32,"") | AY32: =IF(AND($AY$12>=$F32,$AY$12<$G32),$E32,"") | AZ32: =IF(AND($AZ$12>=$F32,$AZ$12<$G32),$E32,"") | BA32: =IF(AND($BA$12>=$F32,$BA$12<$G32),$E32,"") | BB32: =IF(AND($BB$12>=$F32,$BB$12<$G32),$E32,"") | BC32: =IF(AND($BC$12>=$F32,$BC$12<$G32),$E32,"") | BD32: =IF(AND($BD$12>=$F32,$BD$12<$G32),$E32,"") | BE32: =IF(AND($BE$12>=$F32,$BE$12<$G32),$E32,"") | BF32: =IF(AND($BF$12>=$F32,$BF$12<$G32),$E32,"") | BG32: =IF(AND($BG$12>=$F32,$BG$12<$G32),$E32,"") | BH32: =IF(AND($BH$12>=$F32,$BH$12<$G32),$E32,"") | BI32: =IF(AND($BI$12>=$F32,$BI$12<$G32),$E32,"") | BJ32: =IF(AND($BJ$12>=$F32,$BJ$12<$G32),$E32,"") | BK32: =IF(AND($BK$12>=$F32,$BK$12<$G32),$E32,"") | BL32: =IF(AND($BL$12>=$F32,$BL$12<$G32),$E32,"") | BM32: =IF(AND($BM$12>=$F32,$BM$12<$G32),$E32,"") | BN32: =IF(AND($BN$12>=$F32,$BN$12<$G32),$E32,"") | BO32: =IF(AND($BO$12>=$F32,$BO$12<$G32),$E32,"") | BP32: =IF(AND($BP$12>=$F32,$BP$12<$G32),$E32,"") | BQ32: =IF(AND($BQ$12>=$F32,$BQ$12<$G32),$E32,"") | BR32: =IF(AND($BR$12>=$F32,$BR$12<$G32),$E32,"") | BS32: =IF(AND($BS$12>=$F32,$BS$12<$G32),$E32,"") | BT32: =IF(AND($BT$12>=$F32,$BT$12<$G32),$E32,"")
B33: =Weekly!B42 -> 882 | C33: =Weekly!C42 -> Masami | D33: =Weekly!D80 -> 0 | E33: =VLOOKUP(B33,Team!$B$4:$E$183,4,FALSE) -> Acc. | F33: =Weekly!G42 -> 0.35416667 | G33: =Weekly!H42 -> 0.6875 | H33: =IF(AND($H$12>=$F33,$H$12<$G33),$E33,"") | I33: =IF(AND($I$12>=$F33,$I$12<$G33),$E33,"") | J33: =IF(AND($J$12>=$F33,$J$12<$G33),$E33,"") | K33: =IF(AND($K$12>=$F33,$K$12<$G33),$E33,"") | L33: =IF(AND($L$12>=$F33,$L$12<$G33),$E33,"") | M33: =IF(AND($M$12>=$F33,$M$12<$G33),$E33,"") | N33: H | O33: M1 | P33: M1 | Q33: M3 | R33: FR | S33: FR | T33: FR | U33: FR | V33: =IF(AND($V$12>=$F33,$V$12<$G33),$E33,"") -> Acc. | W33: =IF(AND($W$12>=$F33,$W$12<$G33),$E33,"") -> Acc. | X33: =IF(AND($X$12>=$F33,$X$12<$G33),$E33,"") -> Acc. | Y33: =IF(AND($X$12>=$F33,$X$12<$G33),$E33,"") -> Acc. | Z33: =IF(AND($X$12>=$F33,$X$12<$G33),$E33,"") -> Acc. | AA33: =IF(AND($X$12>=$F33,$X$12<$G33),$E33,"") -> Acc. | AB33: 40 | AC33: 40 | AD33: 40 | AE33: =IF(AND($AE$12>=$F33,$AE$12<$G33),$E33,"") -> Acc. | AF33: =IF(AND($AF$12>=$F33,$AF$12<$G33),$E33,"") -> Acc. | AG33: =IF(AND($AG$12>=$F33,$AG$12<$G33),$E33,"") -> Acc. | AH33: =IF(AND($AH$12>=$F33,$AH$12<$G33),$E33,"") -> Acc. | AI33: GR | AJ33: GR | AK33: GR | AL33: GR | AM33: 10 | AN33: RUN | AO33: FR | AP33: FR | AQ33: FR | AR33: FR | AS33: FR | AT33: =IF(AND($AT$12>=$F33,$AT$12<$G33),$E33,"") | AU33: =IF(AND($AU$12>=$F33,$AU$12<$G33),$E33,"") | AV33: =IF(AND($AV$12>=$F33,$AV$12<$G33),$E33,"") | AW33: =IF(AND($AW$12>=$F33,$AW$12<$G33),$E33,"") | AX33: =IF(AND($AX$12>=$F33,$AX$12<$G33),$E33,"") | AY33: =IF(AND($AY$12>=$F33,$AY$12<$G33),$E33,"") | AZ33: =IF(AND($AZ$12>=$F33,$AZ$12<$G33),$E33,"") | BA33: =IF(AND($BA$12>=$F33,$BA$12<$G33),$E33,"") | BB33: =IF(AND($BB$12>=$F33,$BB$12<$G33),$E33,"") | BC33: =IF(AND($BC$12>=$F33,$BC$12<$G33),$E33,"") | BD33: =IF(AND($BD$12>=$F33,$BD$12<$G33),$E33,"") | BE33: =IF(AND($BE$12>=$F33,$BE$12<$G33),$E33,"") | BF33: =IF(AND($BF$12>=$F33,$BF$12<$G33),$E33,"") | BG33: =IF(AND($BG$12>=$F33,$BG$12<$G33),$E33,"") | BH33: =IF(AND($BH$12>=$F33,$BH$12<$G33),$E33,"") | BI33: =IF(AND($BI$12>=$F33,$BI$12<$G33),$E33,"") | BJ33: =IF(AND($BJ$12>=$F33,$BJ$12<$G33),$E33,"") | BK33: =IF(AND($BK$12>=$F33,$BK$12<$G33),$E33,"") | BL33: =IF(AND($BL$12>=$F33,$BL$12<$G33),$E33,"") | BM33: =IF(AND($BM$12>=$F33,$BM$12<$G33),$E33,"") | BN33: =IF(AND($BN$12>=$F33,$BN$12<$G33),$E33,"") | BO33: =IF(AND($BO$12>=$F33,$BO$12<$G33),$E33,"") | BP33: =IF(AND($BP$12>=$F33,$BP$12<$G33),$E33,"") | BQ33: =IF(AND($BQ$12>=$F33,$BQ$12<$G33),$E33,"") | BR33: =IF(AND($BR$12>=$F33,$BR$12<$G33),$E33,"") | BS33: =IF(AND($BS$12>=$F33,$BS$12<$G33),$E33,"") | BT33: =IF(AND($BT$12>=$F33,$BT$12<$G33),$E33,"")
B34: =Weekly!B26 -> 01524 | C34: =Weekly!C26 -> Isabelle | D34: =Weekly!D28 -> Hui | E34: =VLOOKUP(B34,Team!$B$4:$E$183,4,FALSE) -> HH | F34: =Weekly!G26 | G34: =Weekly!H26 | H34: =IF(AND($H$12>=$F34,$H$12<$G34),$E34,"") | I34: =IF(AND($I$12>=$F34,$I$12<$G34),$E34,"") | J34: =IF(AND($J$12>=$F34,$J$12<$G34),$E34,"") | K34: =IF(AND($K$12>=$F34,$K$12<$G34),$E34,"") | L34: =IF(AND($L$12>=$F34,$L$12<$G34),$E34,"") | M34: =IF(AND($M$12>=$F34,$M$12<$G34),$E34,"") | N34: =IF(AND($N$12>=$F34,$N$12<$G34),$E34,"") | O34: =IF(AND($O$12>=$F34,$O$12<$G34),$E34,"") | P34: =IF(AND($P$12>=$F34,$P$12<$G34),$E34,"") | Q34: =IF(AND($Q$12>=$F34,$Q$12<$G34),$E34,"") | R34: =IF(AND($R$12>=$F34,$R$12<$G34),$E34,"") | S34: =IF(AND($S$12>=$F34,$S$12<$G34),$E34,"") | T34: =IF(AND($T$12>=$F34,$T$12<$G34),$E34,"") | U34: =IF(AND($U$12>=$F34,$U$12<$G34),$E34,"") | V34: =IF(AND($V$12>=$F34,$V$12<$G34),$E34,"") | W34: =IF(AND($W$12>=$F34,$W$12<$G34),$E34,"") | X34: =IF(AND($X$12>=$F34,$X$12<$G34),$E34,"") | Y34: =IF(AND($Y$12>=$F34,$Y$12<$G34),$E34,"") | Z34: =IF(AND($Z$12>=$F34,$Z$12<$G34),$E34,"") | AA34: =IF(AND($AA$12>=$F34,$AA$12<$G34),$E34,"") | AB34: =IF(AND($AB$12>=$F34,$AB$12<$G34),$E34,"") | AC34: =IF(AND($AC$12>=$F34,$AC$12<$G34),$E34,"") | AD34: =IF(AND($AD$12>=$F34,$AD$12<$G34),$E34,"") | AE34: =IF(AND($AE$12>=$F34,$AE$12<$G34),$E34,"") | AF34: =IF(AND($AF$12>=$F34,$AF$12<$G34),$E34,"") | AG34: =IF(AND($AG$12>=$F34,$AG$12<$G34),$E34,"") | AH34: =IF(AND($AH$12>=$F34,$AH$12<$G34),$E34,"") | AI34: =IF(AND($AI$12>=$F34,$AI$12<$G34),$E34,"") | AJ34: =IF(AND($AJ$12>=$F34,$AJ$12<$G34),$E34,"") | AK34: =IF(AND($AK$12>=$F34,$AK$12<$G34),$E34,"") | AL34: =IF(AND($AL$12>=$F34,$AL$12<$G34),$E34,"") | AM34: =IF(AND($AM$12>=$F34,$AM$12<$G34),$E34,"") | AN34: =IF(AND($AN$12>=$F34,$AN$12<$G34),$E34,"") | AO34: =IF(AND($AO$12>=$F34,$AO$12<$G34),$E34,"") | AP34: =IF(AND($AP$12>=$F34,$AP$12<$G34),$E34,"") | AQ34: =IF(AND($AQ$12>=$F34,$AQ$12<$G34),$E34,"") | AR34: =IF(AND($AR$12>=$F34,$AR$12<$G34),$E34,"") | AS34: =IF(AND($AS$12>=$F34,$AS$12<$G34),$E34,"") | AT34: =IF(AND($AT$12>=$F34,$AT$12<$G34),$E34,"") | AU34: =IF(AND($AU$12>=$F34,$AU$12<$G34),$E34,"") | AV34: =IF(AND($AV$12>=$F34,$AV$12<$G34),$E34,"") | AW34: =IF(AND($AW$12>=$F34,$AW$12<$G34),$E34,"") | AX34: =IF(AND($AX$12>=$F34,$AX$12<$G34),$E34,"") | AY34: =IF(AND($AY$12>=$F34,$AY$12<$G34),$E34,"") | AZ34: =IF(AND($AZ$12>=$F34,$AZ$12<$G34),$E34,"") | BA34: =IF(AND($BA$12>=$F34,$BA$12<$G34),$E34,"") | BB34: =IF(AND($BB$12>=$F34,$BB$12<$G34),$E34,"") | BC34: =IF(AND($BC$12>=$F34,$BC$12<$G34),$E34,"") | BD34: =IF(AND($BD$12>=$F34,$BD$12<$G34),$E34,"") | BE34: =IF(AND($BE$12>=$F34,$BE$12<$G34),$E34,"") | BF34: =IF(AND($BF$12>=$F34,$BF$12<$G34),$E34,"") | BG34: =IF(AND($BG$12>=$F34,$BG$12<$G34),$E34,"") | BH34: =IF(AND($BH$12>=$F34,$BH$12<$G34),$E34,"") | BI34: =IF(AND($BI$12>=$F34,$BI$12<$G34),$E34,"") | BJ34: =IF(AND($BJ$12>=$F34,$BJ$12<$G34),$E34,"") | BK34: =IF(AND($BK$12>=$F34,$BK$12<$G34),$E34,"") | BL34: =IF(AND($BL$12>=$F34,$BL$12<$G34),$E34,"") | BM34: =IF(AND($BM$12>=$F34,$BM$12<$G34),$E34,"") | BN34: =IF(AND($BN$12>=$F34,$BN$12<$G34),$E34,"") | BO34: =IF(AND($BO$12>=$F34,$BO$12<$G34),$E34,"") | BP34: =IF(AND($BP$12>=$F34,$BP$12<$G34),$E34,"") | BQ34: =IF(AND($BQ$12>=$F34,$BQ$12<$G34),$E34,"") | BR34: =IF(AND($BR$12>=$F34,$BR$12<$G34),$E34,"") | BS34: =IF(AND($BS$12>=$F34,$BS$12<$G34),$E34,"") | BT34: =IF(AND($BT$12>=$F34,$BT$12<$G34),$E34,"")
B35: =Weekly!B27 -> 1216 | C35: =Weekly!C27 -> Janelle | D35: =Weekly!D45 -> Ishikawa | E35: =VLOOKUP(B35,Team!$B$4:$E$183,4,FALSE) -> M's | F35: =Weekly!G27 | G35: =Weekly!H27 | H35: =IF(AND($H$12>=$F35,$H$12<$G35),$E35,"") | I35: =IF(AND($I$12>=$F35,$I$12<$G35),$E35,"") | J35: =IF(AND($J$12>=$F35,$J$12<$G35),$E35,"") | K35: =IF(AND($K$12>=$F35,$K$12<$G35),$E35,"") | L35: =IF(AND($L$12>=$F35,$L$12<$G35),$E35,"") | M35: =IF(AND($M$12>=$F35,$M$12<$G35),$E35,"") | N35: =IF(AND($N$12>=$F35,$N$12<$G35),$E35,"") | O35: =IF(AND($O$12>=$F35,$O$12<$G35),$E35,"") | P35: =IF(AND($P$12>=$F35,$P$12<$G35),$E35,"") | Q35: =IF(AND($Q$12>=$F35,$Q$12<$G35),$E35,"") | R35: =IF(AND($R$12>=$F35,$R$12<$G35),$E35,"") | S35: =IF(AND($S$12>=$F35,$S$12<$G35),$E35,"") | T35: =IF(AND($T$12>=$F35,$T$12<$G35),$E35,"") | U35: =IF(AND($U$12>=$F35,$U$12<$G35),$E35,"") | V35: =IF(AND($V$12>=$F35,$V$12<$G35),$E35,"") | W35: =IF(AND($W$12>=$F35,$W$12<$G35),$E35,"") | X35: =IF(AND($X$12>=$F35,$X$12<$G35),$E35,"") | Y35: =IF(AND($Y$12>=$F35,$Y$12<$G35),$E35,"") | Z35: =IF(AND($Z$12>=$F35,$Z$12<$G35),$E35,"") | AA35: =IF(AND($AA$12>=$F35,$AA$12<$G35),$E35,"") | AB35: =IF(AND($AB$12>=$F35,$AB$12<$G35),$E35,"") | AC35: =IF(AND($AC$12>=$F35,$AC$12<$G35),$E35,"") | AD35: =IF(AND($AD$12>=$F35,$AD$12<$G35),$E35,"") | AE35: =IF(AND($AE$12>=$F35,$AE$12<$G35),$E35,"") | AF35: =IF(AND($AF$12>=$F35,$AF$12<$G35),$E35,"") | AG35: =IF(AND($AG$12>=$F35,$AG$12<$G35),$E35,"") | AH35: =IF(AND($AH$12>=$F35,$AH$12<$G35),$E35,"") | AI35: =IF(AND($AI$12>=$F35,$AI$12<$G35),$E35,"") | AJ35: =IF(AND($AJ$12>=$F35,$AJ$12<$G35),$E35,"") | AK35: =IF(AND($AK$12>=$F35,$AK$12<$G35),$E35,"") | AL35: =IF(AND($AL$12>=$F35,$AL$12<$G35),$E35,"") | AM35: =IF(AND($AM$12>=$F35,$AM$12<$G35),$E35,"") | AN35: =IF(AND($AN$12>=$F35,$AN$12<$G35),$E35,"") | AO35: =IF(AND($AO$12>=$F35,$AO$12<$G35),$E35,"") | AP35: =IF(AND($AP$12>=$F35,$AP$12<$G35),$E35,"") | AQ35: =IF(AND($AQ$12>=$F35,$AQ$12<$G35),$E35,"") | AR35: =IF(AND($AR$12>=$F35,$AR$12<$G35),$E35,"") | AS35: =IF(AND($AS$12>=$F35,$AS$12<$G35),$E35,"") | AT35: =IF(AND($AT$12>=$F35,$AT$12<$G35),$E35,"") | AU35: =IF(AND($AU$12>=$F35,$AU$12<$G35),$E35,"") | AV35: =IF(AND($AV$12>=$F35,$AV$12<$G35),$E35,"") | AW35: =IF(AND($AW$12>=$F35,$AW$12<$G35),$E35,"") | AX35: =IF(AND($AX$12>=$F35,$AX$12<$G35),$E35,"") | AY35: =IF(AND($AY$12>=$F35,$AY$12<$G35),$E35,"") | AZ35: =IF(AND($AZ$12>=$F35,$AZ$12<$G35),$E35,"") | BA35: =IF(AND($BA$12>=$F35,$BA$12<$G35),$E35,"") | BB35: =IF(AND($BB$12>=$F35,$BB$12<$G35),$E35,"") | BC35: =IF(AND($BC$12>=$F35,$BC$12<$G35),$E35,"") | BD35: =IF(AND($BD$12>=$F35,$BD$12<$G35),$E35,"") | BE35: =IF(AND($BE$12>=$F35,$BE$12<$G35),$E35,"") | BF35: =IF(AND($BF$12>=$F35,$BF$12<$G35),$E35,"") | BG35: =IF(AND($BG$12>=$F35,$BG$12<$G35),$E35,"") | BH35: =IF(AND($BH$12>=$F35,$BH$12<$G35),$E35,"") | BI35: =IF(AND($BI$12>=$F35,$BI$12<$G35),$E35,"") | BJ35: =IF(AND($BJ$12>=$F35,$BJ$12<$G35),$E35,"") | BK35: =IF(AND($BK$12>=$F35,$BK$12<$G35),$E35,"") | BL35: =IF(AND($BL$12>=$F35,$BL$12<$G35),$E35,"") | BM35: =IF(AND($BM$12>=$F35,$BM$12<$G35),$E35,"") | BN35: =IF(AND($BN$12>=$F35,$BN$12<$G35),$E35,"") | BO35: =IF(AND($BO$12>=$F35,$BO$12<$G35),$E35,"") | BP35: =IF(AND($BP$12>=$F35,$BP$12<$G35),$E35,"") | BQ35: =IF(AND($BQ$12>=$F35,$BQ$12<$G35),$E35,"") | BR35: =IF(AND($BR$12>=$F35,$BR$12<$G35),$E35,"") | BS35: =IF(AND($BS$12>=$F35,$BS$12<$G35),$E35,"") | BT35: =IF(AND($BT$12>=$F35,$BT$12<$G35),$E35,"")
B36: =Weekly!B28 -> 1228 | C36: =Weekly!C28 -> Jared | D36: =Weekly!D32 -> Shue | E36: =VLOOKUP(B36,Team!$B$4:$E$183,4,FALSE) -> HH | F36: =Weekly!G28 | G36: =Weekly!H28 | H36: =IF(AND($H$12>=$F36,$H$12<$G36),$E36,"") | I36: =IF(AND($I$12>=$F36,$I$12<$G36),$E36,"") | J36: =IF(AND($J$12>=$F36,$J$12<$G36),$E36,"") | K36: =IF(AND($K$12>=$F36,$K$12<$G36),$E36,"") | L36: =IF(AND($L$12>=$F36,$L$12<$G36),$E36,"") | M36: =IF(AND($M$12>=$F36,$M$12<$G36),$E36,"") | N36: =IF(AND($N$12>=$F36,$N$12<$G36),$E36,"") | O36: =IF(AND($O$12>=$F36,$O$12<$G36),$E36,"") | P36: =IF(AND($P$12>=$F36,$P$12<$G36),$E36,"") | Q36: =IF(AND($Q$12>=$F36,$Q$12<$G36),$E36,"") | R36: =IF(AND($R$12>=$F36,$R$12<$G36),$E36,"") | S36: =IF(AND($S$12>=$F36,$S$12<$G36),$E36,"") | T36: =IF(AND($T$12>=$F36,$T$12<$G36),$E36,"") | U36: =IF(AND($U$12>=$F36,$U$12<$G36),$E36,"") | V36: =IF(AND($V$12>=$F36,$V$12<$G36),$E36,"") | W36: =IF(AND($W$12>=$F36,$W$12<$G36),$E36,"") | X36: =IF(AND($X$12>=$F36,$X$12<$G36),$E36,"") | Y36: =IF(AND($Y$12>=$F36,$Y$12<$G36),$E36,"") | Z36: =IF(AND($Z$12>=$F36,$Z$12<$G36),$E36,"") | AA36: =IF(AND($AA$12>=$F36,$AA$12<$G36),$E36,"") | AB36: =IF(AND($AB$12>=$F36,$AB$12<$G36),$E36,"") | AC36: =IF(AND($AC$12>=$F36,$AC$12<$G36),$E36,"") | AD36: =IF(AND($AD$12>=$F36,$AD$12<$G36),$E36,"") | AE36: =IF(AND($AE$12>=$F36,$AE$12<$G36),$E36,"") | AF36: =IF(AND($AF$12>=$F36,$AF$12<$G36),$E36,"") | AG36: =IF(AND($AG$12>=$F36,$AG$12<$G36),$E36,"") | AH36: =IF(AND($AH$12>=$F36,$AH$12<$G36),$E36,"") | AI36: =IF(AND($AI$12>=$F36,$AI$12<$G36),$E36,"") | AJ36: =IF(AND($AJ$12>=$F36,$AJ$12<$G36),$E36,"") | AK36: =IF(AND($AK$12>=$F36,$AK$12<$G36),$E36,"") | AL36: =IF(AND($AL$12>=$F36,$AL$12<$G36),$E36,"") | AM36: =IF(AND($AM$12>=$F36,$AM$12<$G36),$E36,"") | AN36: =IF(AND($AN$12>=$F36,$AN$12<$G36),$E36,"") | AO36: =IF(AND($AO$12>=$F36,$AO$12<$G36),$E36,"") | AP36: =IF(AND($AP$12>=$F36,$AP$12<$G36),$E36,"") | AQ36: =IF(AND($AQ$12>=$F36,$AQ$12<$G36),$E36,"") | AR36: =IF(AND($AR$12>=$F36,$AR$12<$G36),$E36,"") | AS36: =IF(AND($AS$12>=$F36,$AS$12<$G36),$E36,"") | AT36: =IF(AND($AT$12>=$F36,$AT$12<$G36),$E36,"") | AU36: =IF(AND($AU$12>=$F36,$AU$12<$G36),$E36,"") | AV36: =IF(AND($AV$12>=$F36,$AV$12<$G36),$E36,"") | AW36: =IF(AND($AW$12>=$F36,$AW$12<$G36),$E36,"") | AX36: =IF(AND($AX$12>=$F36,$AX$12<$G36),$E36,"") | AY36: =IF(AND($AY$12>=$F36,$AY$12<$G36),$E36,"") | AZ36: =IF(AND($AZ$12>=$F36,$AZ$12<$G36),$E36,"") | BA36: =IF(AND($BA$12>=$F36,$BA$12<$G36),$E36,"") | BB36: =IF(AND($BB$12>=$F36,$BB$12<$G36),$E36,"") | BC36: =IF(AND($BC$12>=$F36,$BC$12<$G36),$E36,"") | BD36: =IF(AND($BD$12>=$F36,$BD$12<$G36),$E36,"") | BE36: =IF(AND($BE$12>=$F36,$BE$12<$G36),$E36,"") | BF36: =IF(AND($BF$12>=$F36,$BF$12<$G36),$E36,"") | BG36: =IF(AND($BG$12>=$F36,$BG$12<$G36),$E36,"") | BH36: =IF(AND($BH$12>=$F36,$BH$12<$G36),$E36,"") | BI36: =IF(AND($BI$12>=$F36,$BI$12<$G36),$E36,"") | BJ36: =IF(AND($BJ$12>=$F36,$BJ$12<$G36),$E36,"") | BK36: =IF(AND($BK$12>=$F36,$BK$12<$G36),$E36,"") | BL36: =IF(AND($BL$12>=$F36,$BL$12<$G36),$E36,"") | BM36: =IF(AND($BM$12>=$F36,$BM$12<$G36),$E36,"") | BN36: =IF(AND($BN$12>=$F36,$BN$12<$G36),$E36,"") | BO36: =IF(AND($BO$12>=$F36,$BO$12<$G36),$E36,"") | BP36: =IF(AND($BP$12>=$F36,$BP$12<$G36),$E36,"") | BQ36: =IF(AND($BQ$12>=$F36,$BQ$12<$G36),$E36,"") | BR36: =IF(AND($BR$12>=$F36,$BR$12<$G36),$E36,"") | BS36: =IF(AND($BS$12>=$F36,$BS$12<$G36),$E36,"") | BT36: =IF(AND($BT$12>=$F36,$BT$12<$G36),$E36,"")
B37: =Weekly!B29 -> 1196 | C37: =Weekly!C29 -> Jessica | D37: =Weekly!D66 -> 0 | E37: =VLOOKUP(B37,Team!$B$4:$E$183,4,FALSE) -> SPV | F37: =Weekly!G29 | G37: =Weekly!H29 | H37: =IF(AND($H$12>=$F37,$H$12<$G37),$E37,"") | I37: =IF(AND($I$12>=$F37,$I$12<$G37),$E37,"") | J37: =IF(AND($J$12>=$F37,$J$12<$G37),$E37,"") | K37: =IF(AND($K$12>=$F37,$K$12<$G37),$E37,"") | L37: =IF(AND($L$12>=$F37,$L$12<$G37),$E37,"") | M37: =IF(AND($M$12>=$F37,$M$12<$G37),$E37,"") | N37: =IF(AND($N$12>=$F37,$N$12<$G37),$E37,"") | O37: =IF(AND($O$12>=$F37,$O$12<$G37),$E37,"") | P37: =IF(AND($P$12>=$F37,$P$12<$G37),$E37,"") | Q37: =IF(AND($Q$12>=$F37,$Q$12<$G37),$E37,"") | R37: =IF(AND($R$12>=$F37,$R$12<$G37),$E37,"") | S37: =IF(AND($S$12>=$F37,$S$12<$G37),$E37,"") | T37: =IF(AND($T$12>=$F37,$T$12<$G37),$E37,"") | U37: =IF(AND($U$12>=$F37,$U$12<$G37),$E37,"") | V37: =IF(AND($V$12>=$F37,$V$12<$G37),$E37,"") | W37: =IF(AND($W$12>=$F37,$W$12<$G37),$E37,"") | X37: =IF(AND($X$12>=$F37,$X$12<$G37),$E37,"") | Y37: =IF(AND($Y$12>=$F37,$Y$12<$G37),$E37,"") | Z37: =IF(AND($Z$12>=$F37,$Z$12<$G37),$E37,"") | AA37: =IF(AND($AA$12>=$F37,$AA$12<$G37),$E37,"") | AB37: =IF(AND($AB$12>=$F37,$AB$12<$G37),$E37,"") | AC37: =IF(AND($AC$12>=$F37,$AC$12<$G37),$E37,"") | AD37: =IF(AND($AD$12>=$F37,$AD$12<$G37),$E37,"") | AE37: =IF(AND($AE$12>=$F37,$AE$12<$G37),$E37,"") | AF37: =IF(AND($AF$12>=$F37,$AF$12<$G37),$E37,"") | AG37: =IF(AND($AG$12>=$F37,$AG$12<$G37),$E37,"") | AH37: =IF(AND($AH$12>=$F37,$AH$12<$G37),$E37,"") | AI37: =IF(AND($AI$12>=$F37,$AI$12<$G37),$E37,"") | AJ37: =IF(AND($AJ$12>=$F37,$AJ$12<$G37),$E37,"") | AK37: =IF(AND($AK$12>=$F37,$AK$12<$G37),$E37,"") | AL37: =IF(AND($AL$12>=$F37,$AL$12<$G37),$E37,"") | AM37: =IF(AND($AM$12>=$F37,$AM$12<$G37),$E37,"") | AN37: =IF(AND($AN$12>=$F37,$AN$12<$G37),$E37,"") | AO37: =IF(AND($AO$12>=$F37,$AO$12<$G37),$E37,"") | AP37: =IF(AND($AP$12>=$F37,$AP$12<$G37),$E37,"") | AQ37: =IF(AND($AQ$12>=$F37,$AQ$12<$G37),$E37,"") | AR37: =IF(AND($AR$12>=$F37,$AR$12<$G37),$E37,"") | AS37: =IF(AND($AS$12>=$F37,$AS$12<$G37),$E37,"") | AT37: =IF(AND($AT$12>=$F37,$AT$12<$G37),$E37,"") | AU37: =IF(AND($AU$12>=$F37,$AU$12<$G37),$E37,"") | AV37: =IF(AND($AV$12>=$F37,$AV$12<$G37),$E37,"") | AW37: =IF(AND($AW$12>=$F37,$AW$12<$G37),$E37,"") | AX37: =IF(AND($AX$12>=$F37,$AX$12<$G37),$E37,"") | AY37: =IF(AND($AY$12>=$F37,$AY$12<$G37),$E37,"") | AZ37: =IF(AND($AZ$12>=$F37,$AZ$12<$G37),$E37,"") | BA37: =IF(AND($BA$12>=$F37,$BA$12<$G37),$E37,"") | BB37: =IF(AND($BB$12>=$F37,$BB$12<$G37),$E37,"") | BC37: =IF(AND($BC$12>=$F37,$BC$12<$G37),$E37,"") | BD37: =IF(AND($BD$12>=$F37,$BD$12<$G37),$E37,"") | BE37: =IF(AND($BE$12>=$F37,$BE$12<$G37),$E37,"") | BF37: =IF(AND($BF$12>=$F37,$BF$12<$G37),$E37,"") | BG37: =IF(AND($BG$12>=$F37,$BG$12<$G37),$E37,"") | BH37: =IF(AND($BH$12>=$F37,$BH$12<$G37),$E37,"") | BI37: =IF(AND($BI$12>=$F37,$BI$12<$G37),$E37,"") | BJ37: =IF(AND($BJ$12>=$F37,$BJ$12<$G37),$E37,"") | BK37: =IF(AND($BK$12>=$F37,$BK$12<$G37),$E37,"") | BL37: =IF(AND($BL$12>=$F37,$BL$12<$G37),$E37,"") | BM37: =IF(AND($BM$12>=$F37,$BM$12<$G37),$E37,"") | BN37: =IF(AND($BN$12>=$F37,$BN$12<$G37),$E37,"") | BO37: =IF(AND($BO$12>=$F37,$BO$12<$G37),$E37,"") | BP37: =IF(AND($BP$12>=$F37,$BP$12<$G37),$E37,"") | BQ37: =IF(AND($BQ$12>=$F37,$BQ$12<$G37),$E37,"") | BR37: =IF(AND($BR$12>=$F37,$BR$12<$G37),$E37,"") | BS37: =IF(AND($BS$12>=$F37,$BS$12<$G37),$E37,"") | BT37: =IF(AND($BT$12>=$F37,$BT$12<$G37),$E37,"")
B38: =Weekly!B67 -> 0 | C38: =Weekly!C67 -> 0 | D38: =Weekly!D67 -> 0 | E38: =VLOOKUP(B38,Team!$B$4:$E$183,4,FALSE) -> #N/A | F38: =Weekly!G67 | G38: =Weekly!H67 | H38: =IF(AND($H$12>=$F38,$H$12<$G38),$E38,"") | I38: =IF(AND($I$12>=$F38,$I$12<$G38),$E38,"") | J38: =IF(AND($J$12>=$F38,$J$12<$G38),$E38,"") | K38: =IF(AND($K$12>=$F38,$K$12<$G38),$E38,"") | L38: =IF(AND($L$12>=$F38,$L$12<$G38),$E38,"") | M38: =IF(AND($M$12>=$F38,$M$12<$G38),$E38,"") | N38: =IF(AND($N$12>=$F38,$N$12<$G38),$E38,"") | O38: =IF(AND($O$12>=$F38,$O$12<$G38),$E38,"") | P38: =IF(AND($P$12>=$F38,$P$12<$G38),$E38,"") | Q38: =IF(AND($Q$12>=$F38,$Q$12<$G38),$E38,"") | R38: =IF(AND($R$12>=$F38,$R$12<$G38),$E38,"") | S38: =IF(AND($S$12>=$F38,$S$12<$G38),$E38,"") | T38: =IF(AND($T$12>=$F38,$T$12<$G38),$E38,"") | U38: =IF(AND($U$12>=$F38,$U$12<$G38),$E38,"") | V38: =IF(AND($V$12>=$F38,$V$12<$G38),$E38,"") | W38: =IF(AND($W$12>=$F38,$W$12<$G38),$E38,"") | X38: =IF(AND($X$12>=$F38,$X$12<$G38),$E38,"") | Y38: =IF(AND($Y$12>=$F38,$Y$12<$G38),$E38,"") | Z38: =IF(AND($Z$12>=$F38,$Z$12<$G38),$E38,"") | AA38: =IF(AND($AA$12>=$F38,$AA$12<$G38),$E38,"") | AB38: =IF(AND($AB$12>=$F38,$AB$12<$G38),$E38,"") | AC38: =IF(AND($AC$12>=$F38,$AC$12<$G38),$E38,"") | AD38: =IF(AND($AD$12>=$F38,$AD$12<$G38),$E38,"") | AE38: =IF(AND($AE$12>=$F38,$AE$12<$G38),$E38,"") | AF38: =IF(AND($AF$12>=$F38,$AF$12<$G38),$E38,"") | AG38: =IF(AND($AG$12>=$F38,$AG$12<$G38),$E38,"") | AH38: =IF(AND($AH$12>=$F38,$AH$12<$G38),$E38,"") | AI38: =IF(AND($AI$12>=$F38,$AI$12<$G38),$E38,"") | AJ38: =IF(AND($AJ$12>=$F38,$AJ$12<$G38),$E38,"") | AK38: =IF(AND($AK$12>=$F38,$AK$12<$G38),$E38,"") | AL38: =IF(AND($AL$12>=$F38,$AL$12<$G38),$E38,"") | AM38: =IF(AND($AM$12>=$F38,$AM$12<$G38),$E38,"") | AN38: =IF(AND($AN$12>=$F38,$AN$12<$G38),$E38,"") | AO38: =IF(AND($AO$12>=$F38,$AO$12<$G38),$E38,"") | AP38: =IF(AND($AP$12>=$F38,$AP$12<$G38),$E38,"") | AQ38: =IF(AND($AQ$12>=$F38,$AQ$12<$G38),$E38,"") | AR38: =IF(AND($AR$12>=$F38,$AR$12<$G38),$E38,"") | AS38: =IF(AND($AS$12>=$F38,$AS$12<$G38),$E38,"") | AT38: =IF(AND($AT$12>=$F38,$AT$12<$G38),$E38,"") | AU38: =IF(AND($AU$12>=$F38,$AU$12<$G38),$E38,"") | AV38: =IF(AND($AV$12>=$F38,$AV$12<$G38),$E38,"") | AW38: =IF(AND($AW$12>=$F38,$AW$12<$G38),$E38,"") | AX38: =IF(AND($AX$12>=$F38,$AX$12<$G38),$E38,"") | AY38: =IF(AND($AY$12>=$F38,$AY$12<$G38),$E38,"") | AZ38: =IF(AND($AZ$12>=$F38,$AZ$12<$G38),$E38,"") | BA38: =IF(AND($BA$12>=$F38,$BA$12<$G38),$E38,"") | BB38: =IF(AND($BB$12>=$F38,$BB$12<$G38),$E38,"") | BC38: =IF(AND($BC$12>=$F38,$BC$12<$G38),$E38,"") | BD38: =IF(AND($BD$12>=$F38,$BD$12<$G38),$E38,"") | BE38: =IF(AND($BE$12>=$F38,$BE$12<$G38),$E38,"") | BF38: =IF(AND($BF$12>=$F38,$BF$12<$G38),$E38,"") | BG38: =IF(AND($BG$12>=$F38,$BG$12<$G38),$E38,"") | BH38: =IF(AND($BH$12>=$F38,$BH$12<$G38),$E38,"") | BI38: =IF(AND($BI$12>=$F38,$BI$12<$G38),$E38,"") | BJ38: =IF(AND($BJ$12>=$F38,$BJ$12<$G38),$E38,"") | BK38: =IF(AND($BK$12>=$F38,$BK$12<$G38),$E38,"") | BL38: =IF(AND($BL$12>=$F38,$BL$12<$G38),$E38,"") | BM38: =IF(AND($BM$12>=$F38,$BM$12<$G38),$E38,"") | BN38: =IF(AND($BN$12>=$F38,$BN$12<$G38),$E38,"") | BO38: =IF(AND($BO$12>=$F38,$BO$12<$G38),$E38,"") | BP38: =IF(AND($BP$12>=$F38,$BP$12<$G38),$E38,"") | BQ38: =IF(AND($BQ$12>=$F38,$BQ$12<$G38),$E38,"") | BR38: =IF(AND($BR$12>=$F38,$BR$12<$G38),$E38,"") | BS38: =IF(AND($BS$12>=$F38,$BS$12<$G38),$E38,"") | BT38: =IF(AND($BT$12>=$F38,$BT$12<$G38),$E38,"")
B39: =Weekly!B31 -> 01505 | C39: =Weekly!C31 -> Jewel | D39: =Weekly!D69 -> 0 | E39: =VLOOKUP(B39,Team!$B$4:$E$183,4,FALSE) -> L's | F39: =Weekly!G31 | G39: =Weekly!H31 | H39: =IF(AND($H$12>=$F39,$H$12<$G39),$E39,"") | I39: =IF(AND($I$12>=$F39,$I$12<$G39),$E39,"") | J39: =IF(AND($J$12>=$F39,$J$12<$G39),$E39,"") | K39: =IF(AND($K$12>=$F39,$K$12<$G39),$E39,"") | L39: =IF(AND($L$12>=$F39,$L$12<$G39),$E39,"") | M39: =IF(AND($M$12>=$F39,$M$12<$G39),$E39,"") | N39: =IF(AND($N$12>=$F39,$N$12<$G39),$E39,"") | O39: =IF(AND($O$12>=$F39,$O$12<$G39),$E39,"") | P39: =IF(AND($P$12>=$F39,$P$12<$G39),$E39,"") | Q39: =IF(AND($Q$12>=$F39,$Q$12<$G39),$E39,"") | R39: =IF(AND($R$12>=$F39,$R$12<$G39),$E39,"") | S39: =IF(AND($S$12>=$F39,$S$12<$G39),$E39,"") | T39: =IF(AND($T$12>=$F39,$T$12<$G39),$E39,"") | U39: =IF(AND($U$12>=$F39,$U$12<$G39),$E39,"") | V39: =IF(AND($V$12>=$F39,$V$12<$G39),$E39,"") | W39: =IF(AND($W$12>=$F39,$W$12<$G39),$E39,"") | X39: =IF(AND($X$12>=$F39,$X$12<$G39),$E39,"") | Y39: =IF(AND($Y$12>=$F39,$Y$12<$G39),$E39,"") | Z39: =IF(AND($Z$12>=$F39,$Z$12<$G39),$E39,"") | AA39: =IF(AND($AA$12>=$F39,$AA$12<$G39),$E39,"") | AB39: =IF(AND($AB$12>=$F39,$AB$12<$G39),$E39,"") | AC39: =IF(AND($AC$12>=$F39,$AC$12<$G39),$E39,"") | AD39: =IF(AND($AD$12>=$F39,$AD$12<$G39),$E39,"") | AE39: =IF(AND($AE$12>=$F39,$AE$12<$G39),$E39,"") | AF39: =IF(AND($AF$12>=$F39,$AF$12<$G39),$E39,"") | AG39: =IF(AND($AG$12>=$F39,$AG$12<$G39),$E39,"") | AH39: =IF(AND($AH$12>=$F39,$AH$12<$G39),$E39,"") | AI39: =IF(AND($AI$12>=$F39,$AI$12<$G39),$E39,"") | AJ39: =IF(AND($AJ$12>=$F39,$AJ$12<$G39),$E39,"") | AK39: =IF(AND($AK$12>=$F39,$AK$12<$G39),$E39,"") | AL39: =IF(AND($AL$12>=$F39,$AL$12<$G39),$E39,"") | AM39: =IF(AND($AM$12>=$F39,$AM$12<$G39),$E39,"") | AN39: =IF(AND($AN$12>=$F39,$AN$12<$G39),$E39,"") | AO39: =IF(AND($AO$12>=$F39,$AO$12<$G39),$E39,"") | AP39: =IF(AND($AP$12>=$F39,$AP$12<$G39),$E39,"") | AQ39: =IF(AND($AQ$12>=$F39,$AQ$12<$G39),$E39,"") | AR39: =IF(AND($AR$12>=$F39,$AR$12<$G39),$E39,"") | AS39: =IF(AND($AS$12>=$F39,$AS$12<$G39),$E39,"") | AT39: =IF(AND($AT$12>=$F39,$AT$12<$G39),$E39,"") | AU39: =IF(AND($AU$12>=$F39,$AU$12<$G39),$E39,"") | AV39: =IF(AND($AV$12>=$F39,$AV$12<$G39),$E39,"") | AW39: =IF(AND($AW$12>=$F39,$AW$12<$G39),$E39,"") | AX39: =IF(AND($AX$12>=$F39,$AX$12<$G39),$E39,"") | AY39: =IF(AND($AY$12>=$F39,$AY$12<$G39),$E39,"") | AZ39: =IF(AND($AZ$12>=$F39,$AZ$12<$G39),$E39,"") | BA39: =IF(AND($BA$12>=$F39,$BA$12<$G39),$E39,"") | BB39: =IF(AND($BB$12>=$F39,$BB$12<$G39),$E39,"") | BC39: =IF(AND($BC$12>=$F39,$BC$12<$G39),$E39,"") | BD39: =IF(AND($BD$12>=$F39,$BD$12<$G39),$E39,"") | BE39: =IF(AND($BE$12>=$F39,$BE$12<$G39),$E39,"") | BF39: =IF(AND($BF$12>=$F39,$BF$12<$G39),$E39,"") | BG39: =IF(AND($BG$12>=$F39,$BG$12<$G39),$E39,"") | BH39: =IF(AND($BH$12>=$F39,$BH$12<$G39),$E39,"") | BI39: =IF(AND($BI$12>=$F39,$BI$12<$G39),$E39,"") | BJ39: =IF(AND($BJ$12>=$F39,$BJ$12<$G39),$E39,"") | BK39: =IF(AND($BK$12>=$F39,$BK$12<$G39),$E39,"") | BL39: =IF(AND($BL$12>=$F39,$BL$12<$G39),$E39,"") | BM39: =IF(AND($BM$12>=$F39,$BM$12<$G39),$E39,"") | BN39: =IF(AND($BN$12>=$F39,$BN$12<$G39),$E39,"") | BO39: =IF(AND($BO$12>=$F39,$BO$12<$G39),$E39,"") | BP39: =IF(AND($BP$12>=$F39,$BP$12<$G39),$E39,"") | BQ39: =IF(AND($BQ$12>=$F39,$BQ$12<$G39),$E39,"") | BR39: =IF(AND($BR$12>=$F39,$BR$12<$G39),$E39,"") | BS39: =IF(AND($BS$12>=$F39,$BS$12<$G39),$E39,"") | BT39: =IF(AND($BT$12>=$F39,$BT$12<$G39),$E39,"")
B40: =Weekly!B51 -> 303 | C40: =Weekly!C51 -> Rachel | D40: =Weekly!D89 -> 0 | E40: =VLOOKUP(B40,Team!$B$4:$E$183,4,FALSE) -> ADM | F40: =Weekly!G51 | G40: =Weekly!H51 | H40: =IF(AND($H$12>=$F40,$H$12<$G40),$E40,"") | I40: =IF(AND($I$12>=$F40,$I$12<$G40),$E40,"") | J40: =IF(AND($J$12>=$F40,$J$12<$G40),$E40,"") | K40: =IF(AND($K$12>=$F40,$K$12<$G40),$E40,"") | L40: =IF(AND($L$12>=$F40,$L$12<$G40),$E40,"") | M40: =IF(AND($M$12>=$F40,$M$12<$G40),$E40,"") | N40: =IF(AND($N$12>=$F40,$N$12<$G40),$E40,"") | O40: =IF(AND($O$12>=$F40,$O$12<$G40),$E40,"") | P40: =IF(AND($P$12>=$F40,$P$12<$G40),$E40,"") | Q40: =IF(AND($Q$12>=$F40,$Q$12<$G40),$E40,"") | R40: =IF(AND($R$12>=$F40,$R$12<$G40),$E40,"") | S40: =IF(AND($S$12>=$F40,$S$12<$G40),$E40,"") | T40: =IF(AND($T$12>=$F40,$T$12<$G40),$E40,"") | U40: =IF(AND($U$12>=$F40,$U$12<$G40),$E40,"") | V40: =IF(AND($V$12>=$F40,$V$12<$G40),$E40,"") | W40: =IF(AND($W$12>=$F40,$W$12<$G40),$E40,"") | X40: =IF(AND($X$12>=$F40,$X$12<$G40),$E40,"") | Y40: =IF(AND($Y$12>=$F40,$Y$12<$G40),$E40,"") | Z40: =IF(AND($Z$12>=$F40,$Z$12<$G40),$E40,"") | AA40: =IF(AND($AA$12>=$F40,$AA$12<$G40),$E40,"") | AB40: =IF(AND($AB$12>=$F40,$AB$12<$G40),$E40,"") | AC40: =IF(AND($AC$12>=$F40,$AC$12<$G40),$E40,"") | AD40: =IF(AND($AD$12>=$F40,$AD$12<$G40),$E40,"") | AE40: =IF(AND($AE$12>=$F40,$AE$12<$G40),$E40,"") | AF40: =IF(AND($AF$12>=$F40,$AF$12<$G40),$E40,"") | AG40: =IF(AND($AG$12>=$F40,$AG$12<$G40),$E40,"") | AH40: =IF(AND($AH$12>=$F40,$AH$12<$G40),$E40,"") | AI40: =IF(AND($AI$12>=$F40,$AI$12<$G40),$E40,"") | AJ40: =IF(AND($AJ$12>=$F40,$AJ$12<$G40),$E40,"") | AK40: =IF(AND($AK$12>=$F40,$AK$12<$G40),$E40,"") | AL40: =IF(AND($AL$12>=$F40,$AL$12<$G40),$E40,"") | AM40: =IF(AND($AM$12>=$F40,$AM$12<$G40),$E40,"") | AN40: =IF(AND($AN$12>=$F40,$AN$12<$G40),$E40,"") | AO40: =IF(AND($AO$12>=$F40,$AO$12<$G40),$E40,"") | AP40: =IF(AND($AP$12>=$F40,$AP$12<$G40),$E40,"") | AQ40: =IF(AND($AQ$12>=$F40,$AQ$12<$G40),$E40,"") | AR40: =IF(AND($AR$12>=$F40,$AR$12<$G40),$E40,"") | AS40: =IF(AND($AS$12>=$F40,$AS$12<$G40),$E40,"") | AT40: =IF(AND($AT$12>=$F40,$AT$12<$G40),$E40,"") | AU40: =IF(AND($AU$12>=$F40,$AU$12<$G40),$E40,"") | AV40: =IF(AND($AV$12>=$F40,$AV$12<$G40),$E40,"") | AW40: =IF(AND($AW$12>=$F40,$AW$12<$G40),$E40,"") | AX40: =IF(AND($AX$12>=$F40,$AX$12<$G40),$E40,"") | AY40: =IF(AND($AY$12>=$F40,$AY$12<$G40),$E40,"") | AZ40: =IF(AND($AZ$12>=$F40,$AZ$12<$G40),$E40,"") | BA40: =IF(AND($BA$12>=$F40,$BA$12<$G40),$E40,"") | BB40: =IF(AND($BB$12>=$F40,$BB$12<$G40),$E40,"") | BC40: =IF(AND($BC$12>=$F40,$BC$12<$G40),$E40,"") | BD40: =IF(AND($BD$12>=$F40,$BD$12<$G40),$E40,"") | BE40: =IF(AND($BE$12>=$F40,$BE$12<$G40),$E40,"") | BF40: =IF(AND($BF$12>=$F40,$BF$12<$G40),$E40,"") | BG40: =IF(AND($BG$12>=$F40,$BG$12<$G40),$E40,"") | BH40: =IF(AND($BH$12>=$F40,$BH$12<$G40),$E40,"") | BI40: =IF(AND($BI$12>=$F40,$BI$12<$G40),$E40,"") | BJ40: =IF(AND($BJ$12>=$F40,$BJ$12<$G40),$E40,"") | BK40: =IF(AND($BK$12>=$F40,$BK$12<$G40),$E40,"") | BL40: =IF(AND($BL$12>=$F40,$BL$12<$G40),$E40,"") | BM40: =IF(AND($BM$12>=$F40,$BM$12<$G40),$E40,"") | BN40: =IF(AND($BN$12>=$F40,$BN$12<$G40),$E40,"") | BO40: =IF(AND($BO$12>=$F40,$BO$12<$G40),$E40,"") | BP40: =IF(AND($BP$12>=$F40,$BP$12<$G40),$E40,"") | BQ40: =IF(AND($BQ$12>=$F40,$BQ$12<$G40),$E40,"") | BR40: =IF(AND($BR$12>=$F40,$BR$12<$G40),$E40,"") | BS40: =IF(AND($BS$12>=$F40,$BS$12<$G40),$E40,"") | BT40: =IF(AND($BT$12>=$F40,$BT$12<$G40),$E40,"")
B41: =Weekly!B33 -> 1094 | C41: =Weekly!C33 -> Joslyn | D41: =Weekly!D71 -> 0 | E41: =VLOOKUP(B41,Team!$B$4:$E$183,4,FALSE) -> HH | F41: =Weekly!G33 | G41: =Weekly!H33 | H41: =IF(AND($H$12>=$F41,$H$12<$G41),$E41,"") | I41: =IF(AND($I$12>=$F41,$I$12<$G41),$E41,"") | J41: =IF(AND($J$12>=$F41,$J$12<$G41),$E41,"") | K41: =IF(AND($K$12>=$F41,$K$12<$G41),$E41,"") | L41: =IF(AND($L$12>=$F41,$L$12<$G41),$E41,"") | M41: =IF(AND($M$12>=$F41,$M$12<$G41),$E41,"") | N41: =IF(AND($N$12>=$F41,$N$12<$G41),$E41,"") | O41: =IF(AND($O$12>=$F41,$O$12<$G41),$E41,"") | P41: =IF(AND($P$12>=$F41,$P$12<$G41),$E41,"") | Q41: =IF(AND($Q$12>=$F41,$Q$12<$G41),$E41,"") | R41: =IF(AND($R$12>=$F41,$R$12<$G41),$E41,"") | S41: =IF(AND($S$12>=$F41,$S$12<$G41),$E41,"") | T41: =IF(AND($T$12>=$F41,$T$12<$G41),$E41,"") | U41: =IF(AND($U$12>=$F41,$U$12<$G41),$E41,"") | V41: =IF(AND($V$12>=$F41,$V$12<$G41),$E41,"") | W41: =IF(AND($W$12>=$F41,$W$12<$G41),$E41,"") | X41: =IF(AND($X$12>=$F41,$X$12<$G41),$E41,"") | Y41: =IF(AND($Y$12>=$F41,$Y$12<$G41),$E41,"") | Z41: =IF(AND($Z$12>=$F41,$Z$12<$G41),$E41,"") | AA41: =IF(AND($AA$12>=$F41,$AA$12<$G41),$E41,"") | AB41: =IF(AND($AB$12>=$F41,$AB$12<$G41),$E41,"") | AC41: =IF(AND($AC$12>=$F41,$AC$12<$G41),$E41,"") | AD41: =IF(AND($AD$12>=$F41,$AD$12<$G41),$E41,"") | AE41: =IF(AND($AE$12>=$F41,$AE$12<$G41),$E41,"") | AF41: =IF(AND($AF$12>=$F41,$AF$12<$G41),$E41,"") | AG41: =IF(AND($AG$12>=$F41,$AG$12<$G41),$E41,"") | AH41: =IF(AND($AH$12>=$F41,$AH$12<$G41),$E41,"") | AI41: =IF(AND($AI$12>=$F41,$AI$12<$G41),$E41,"") | AJ41: =IF(AND($AJ$12>=$F41,$AJ$12<$G41),$E41,"") | AK41: =IF(AND($AK$12>=$F41,$AK$12<$G41),$E41,"") | AL41: =IF(AND($AL$12>=$F41,$AL$12<$G41),$E41,"") | AM41: =IF(AND($AM$12>=$F41,$AM$12<$G41),$E41,"") | AN41: =IF(AND($AN$12>=$F41,$AN$12<$G41),$E41,"") | AO41: =IF(AND($AO$12>=$F41,$AO$12<$G41),$E41,"") | AP41: =IF(AND($AP$12>=$F41,$AP$12<$G41),$E41,"") | AQ41: =IF(AND($AQ$12>=$F41,$AQ$12<$G41),$E41,"") | AR41: =IF(AND($AR$12>=$F41,$AR$12<$G41),$E41,"") | AS41: =IF(AND($AS$12>=$F41,$AS$12<$G41),$E41,"") | AT41: =IF(AND($AT$12>=$F41,$AT$12<$G41),$E41,"") | AU41: =IF(AND($AU$12>=$F41,$AU$12<$G41),$E41,"") | AV41: =IF(AND($AV$12>=$F41,$AV$12<$G41),$E41,"") | AW41: =IF(AND($AW$12>=$F41,$AW$12<$G41),$E41,"") | AX41: =IF(AND($AX$12>=$F41,$AX$12<$G41),$E41,"") | AY41: =IF(AND($AY$12>=$F41,$AY$12<$G41),$E41,"") | AZ41: =IF(AND($AZ$12>=$F41,$AZ$12<$G41),$E41,"") | BA41: =IF(AND($BA$12>=$F41,$BA$12<$G41),$E41,"") | BB41: =IF(AND($BB$12>=$F41,$BB$12<$G41),$E41,"") | BC41: =IF(AND($BC$12>=$F41,$BC$12<$G41),$E41,"") | BD41: =IF(AND($BD$12>=$F41,$BD$12<$G41),$E41,"") | BE41: =IF(AND($BE$12>=$F41,$BE$12<$G41),$E41,"") | BF41: =IF(AND($BF$12>=$F41,$BF$12<$G41),$E41,"") | BG41: =IF(AND($BG$12>=$F41,$BG$12<$G41),$E41,"") | BH41: =IF(AND($BH$12>=$F41,$BH$12<$G41),$E41,"") | BI41: =IF(AND($BI$12>=$F41,$BI$12<$G41),$E41,"") | BJ41: =IF(AND($BJ$12>=$F41,$BJ$12<$G41),$E41,"") | BK41: =IF(AND($BK$12>=$F41,$BK$12<$G41),$E41,"") | BL41: =IF(AND($BL$12>=$F41,$BL$12<$G41),$E41,"") | BM41: =IF(AND($BM$12>=$F41,$BM$12<$G41),$E41,"") | BN41: =IF(AND($BN$12>=$F41,$BN$12<$G41),$E41,"") | BO41: =IF(AND($BO$12>=$F41,$BO$12<$G41),$E41,"") | BP41: =IF(AND($BP$12>=$F41,$BP$12<$G41),$E41,"") | BQ41: =IF(AND($BQ$12>=$F41,$BQ$12<$G41),$E41,"") | BR41: =IF(AND($BR$12>=$F41,$BR$12<$G41),$E41,"") | BS41: =IF(AND($BS$12>=$F41,$BS$12<$G41),$E41,"") | BT41: =IF(AND($BT$12>=$F41,$BT$12<$G41),$E41,"")
B42: =Weekly!B52 -> 1142 | C42: =Weekly!C52 -> Ralph | D42: =Weekly!D90 -> 0 | E42: =VLOOKUP(B42,Team!$B$4:$E$183,4,FALSE) -> L's | F42: =Weekly!G52 | G42: =Weekly!H52 | H42: =IF(AND($H$12>=$F42,$H$12<$G42),$E42,"") | I42: =IF(AND($I$12>=$F42,$I$12<$G42),$E42,"") | J42: =IF(AND($J$12>=$F42,$J$12<$G42),$E42,"") | K42: =IF(AND($K$12>=$F42,$K$12<$G42),$E42,"") | L42: =IF(AND($L$12>=$F42,$L$12<$G42),$E42,"") | M42: =IF(AND($M$12>=$F42,$M$12<$G42),$E42,"") | N42: =IF(AND($N$12>=$F42,$N$12<$G42),$E42,"") | O42: =IF(AND($O$12>=$F42,$O$12<$G42),$E42,"") | P42: =IF(AND($P$12>=$F42,$P$12<$G42),$E42,"") | Q42: =IF(AND($Q$12>=$F42,$Q$12<$G42),$E42,"") | R42: =IF(AND($R$12>=$F42,$R$12<$G42),$E42,"") | S42: =IF(AND($S$12>=$F42,$S$12<$G42),$E42,"") | T42: =IF(AND($T$12>=$F42,$T$12<$G42),$E42,"") | U42: =IF(AND($U$12>=$F42,$U$12<$G42),$E42,"") | V42: =IF(AND($V$12>=$F42,$V$12<$G42),$E42,"") | W42: =IF(AND($W$12>=$F42,$W$12<$G42),$E42,"") | X42: =IF(AND($X$12>=$F42,$X$12<$G42),$E42,"") | Y42: =IF(AND($Y$12>=$F42,$Y$12<$G42),$E42,"") | Z42: =IF(AND($Z$12>=$F42,$Z$12<$G42),$E42,"") | AA42: =IF(AND($AA$12>=$F42,$AA$12<$G42),$E42,"") | AB42: =IF(AND($AB$12>=$F42,$AB$12<$G42),$E42,"") | AC42: =IF(AND($AC$12>=$F42,$AC$12<$G42),$E42,"") | AD42: =IF(AND($AD$12>=$F42,$AD$12<$G42),$E42,"") | AE42: =IF(AND($AE$12>=$F42,$AE$12<$G42),$E42,"") | AF42: =IF(AND($AF$12>=$F42,$AF$12<$G42),$E42,"") | AG42: =IF(AND($AG$12>=$F42,$AG$12<$G42),$E42,"") | AH42: =IF(AND($AH$12>=$F42,$AH$12<$G42),$E42,"") | AI42: =IF(AND($AI$12>=$F42,$AI$12<$G42),$E42,"") | AJ42: =IF(AND($AJ$12>=$F42,$AJ$12<$G42),$E42,"") | AK42: =IF(AND($AK$12>=$F42,$AK$12<$G42),$E42,"") | AL42: =IF(AND($AL$12>=$F42,$AL$12<$G42),$E42,"") | AM42: =IF(AND($AM$12>=$F42,$AM$12<$G42),$E42,"") | AN42: =IF(AND($AN$12>=$F42,$AN$12<$G42),$E42,"") | AO42: =IF(AND($AO$12>=$F42,$AO$12<$G42),$E42,"") | AP42: =IF(AND($AP$12>=$F42,$AP$12<$G42),$E42,"") | AQ42: =IF(AND($AQ$12>=$F42,$AQ$12<$G42),$E42,"") | AR42: =IF(AND($AR$12>=$F42,$AR$12<$G42),$E42,"") | AS42: =IF(AND($AS$12>=$F42,$AS$12<$G42),$E42,"") | AT42: =IF(AND($AT$12>=$F42,$AT$12<$G42),$E42,"") | AU42: =IF(AND($AU$12>=$F42,$AU$12<$G42),$E42,"") | AV42: =IF(AND($AV$12>=$F42,$AV$12<$G42),$E42,"") | AW42: =IF(AND($AW$12>=$F42,$AW$12<$G42),$E42,"") | AX42: =IF(AND($AX$12>=$F42,$AX$12<$G42),$E42,"") | AY42: =IF(AND($AY$12>=$F42,$AY$12<$G42),$E42,"") | AZ42: =IF(AND($AZ$12>=$F42,$AZ$12<$G42),$E42,"") | BA42: =IF(AND($BA$12>=$F42,$BA$12<$G42),$E42,"") | BB42: =IF(AND($BB$12>=$F42,$BB$12<$G42),$E42,"") | BC42: =IF(AND($BC$12>=$F42,$BC$12<$G42),$E42,"") | BD42: =IF(AND($BD$12>=$F42,$BD$12<$G42),$E42,"") | BE42: =IF(AND($BE$12>=$F42,$BE$12<$G42),$E42,"") | BF42: =IF(AND($BF$12>=$F42,$BF$12<$G42),$E42,"") | BG42: =IF(AND($BG$12>=$F42,$BG$12<$G42),$E42,"") | BH42: =IF(AND($BH$12>=$F42,$BH$12<$G42),$E42,"") | BI42: =IF(AND($BI$12>=$F42,$BI$12<$G42),$E42,"") | BJ42: =IF(AND($BJ$12>=$F42,$BJ$12<$G42),$E42,"") | BK42: =IF(AND($BK$12>=$F42,$BK$12<$G42),$E42,"") | BL42: =IF(AND($BL$12>=$F42,$BL$12<$G42),$E42,"") | BM42: =IF(AND($BM$12>=$F42,$BM$12<$G42),$E42,"") | BN42: =IF(AND($BN$12>=$F42,$BN$12<$G42),$E42,"") | BO42: =IF(AND($BO$12>=$F42,$BO$12<$G42),$E42,"") | BP42: =IF(AND($BP$12>=$F42,$BP$12<$G42),$E42,"") | BQ42: =IF(AND($BQ$12>=$F42,$BQ$12<$G42),$E42,"") | BR42: =IF(AND($BR$12>=$F42,$BR$12<$G42),$E42,"") | BS42: =IF(AND($BS$12>=$F42,$BS$12<$G42),$E42,"") | BT42: =IF(AND($BT$12>=$F42,$BT$12<$G42),$E42,"")
B43: =Weekly!B59 -> 1062 | C43: =Weekly!C59 -> Tomoko | D43: =Weekly!D68 -> 0 | E43: =VLOOKUP(B43,Team!$B$4:$E$183,4,FALSE) -> L's | F43: =Weekly!G59 -> 0.35416667 | G43: =Weekly!H59 -> 0.6875 | H43: =IF(AND($H$12>=$F43,$H$12<$G43),$E43,"") | I43: =IF(AND($I$12>=$F43,$I$12<$G43),$E43,"") | J43: =IF(AND($J$12>=$F43,$J$12<$G43),$E43,"") | K43: =IF(AND($K$12>=$F43,$K$12<$G43),$E43,"") | L43: =IF(AND($L$12>=$F43,$L$12<$G43),$E43,"") | M43: =IF(AND($M$12>=$F43,$M$12<$G43),$E43,"") | N43: H | O43: Man. | P43: Man. | Q43: Man. | R43: =IF(AND($R$12>=$F43,$R$12<$G43),$E43,"") -> L's | S43: =IF(AND($S$12>=$F43,$S$12<$G43),$E43,"") -> L's | T43: =IF(AND($T$12>=$F43,$T$12<$G43),$E43,"") -> L's | U43: =IF(AND($U$12>=$F43,$U$12<$G43),$E43,"") -> L's | V43: R | W43: R | X43: R | Y43: R | Z43: R | AA43: R | AB43: 40 | AC43: 40 | AD43: 40 | AE43: FR | AF43: FR | AG43: FR | AH43: FR | AI43: FR | AJ43: =IF(AND($AJ$12>=$F43,$AJ$12<$G43),$E43,"") -> L's | AK43: =IF(AND($AK$12>=$F43,$AK$12<$G43),$E43,"") -> L's | AL43: =IF(AND($AL$12>=$F43,$AL$12<$G43),$E43,"") -> L's | AM43: =IF(AND($AN$12>=$F43,$AN$12<$G43),$E43,"") -> L's | AN43: =IF(AND($AN$12>=$F43,$AN$12<$G43),$E43,"") -> L's | AO43: 10 | AP43: GR | AQ43: GR | AR43: GR | AS43: GR | AT43: =IF(AND($AT$12>=$F43,$AT$12<$G43),$E43,"") | AU43: =IF(AND($AU$12>=$F43,$AU$12<$G43),$E43,"") | AV43: =IF(AND($AV$12>=$F43,$AV$12<$G43),$E43,"") | AW43: =IF(AND($AW$12>=$F43,$AW$12<$G43),$E43,"") | AX43: =IF(AND($AX$12>=$F43,$AX$12<$G43),$E43,"") | AY43: =IF(AND($AY$12>=$F43,$AY$12<$G43),$E43,"") | AZ43: =IF(AND($AZ$12>=$F43,$AZ$12<$G43),$E43,"") | BA43: =IF(AND($BA$12>=$F43,$BA$12<$G43),$E43,"") | BB43: =IF(AND($BB$12>=$F43,$BB$12<$G43),$E43,"") | BC43: =IF(AND($BC$12>=$F43,$BC$12<$G43),$E43,"") | BD43: =IF(AND($BD$12>=$F43,$BD$12<$G43),$E43,"") | BE43: =IF(AND($BE$12>=$F43,$BE$12<$G43),$E43,"") | BF43: =IF(AND($BF$12>=$F43,$BF$12<$G43),$E43,"") | BG43: =IF(AND($BG$12>=$F43,$BG$12<$G43),$E43,"") | BH43: =IF(AND($BH$12>=$F43,$BH$12<$G43),$E43,"") | BI43: =IF(AND($BI$12>=$F43,$BI$12<$G43),$E43,"") | BJ43: =IF(AND($BJ$12>=$F43,$BJ$12<$G43),$E43,"") | BK43: =IF(AND($BK$12>=$F43,$BK$12<$G43),$E43,"") | BL43: =IF(AND($BL$12>=$F43,$BL$12<$G43),$E43,"") | BM43: =IF(AND($BM$12>=$F43,$BM$12<$G43),$E43,"") | BN43: =IF(AND($BN$12>=$F43,$BN$12<$G43),$E43,"") | BO43: =IF(AND($BO$12>=$F43,$BO$12<$G43),$E43,"") | BP43: =IF(AND($BP$12>=$F43,$BP$12<$G43),$E43,"") | BQ43: =IF(AND($BQ$12>=$F43,$BQ$12<$G43),$E43,"") | BR43: =IF(AND($BR$12>=$F43,$BR$12<$G43),$E43,"") | BS43: =IF(AND($BS$12>=$F43,$BS$12<$G43),$E43,"") | BT43: =IF(AND($BT$12>=$F43,$BT$12<$G43),$E43,"")
B44: =Weekly!B36 -> 01527 | C44: =Weekly!C36 -> Justine | D44: =Weekly!D74 -> 0 | E44: =VLOOKUP(B44,Team!$B$4:$E$183,4,FALSE) -> Stat. | F44: =Weekly!G36 | G44: =Weekly!H36 | H44: =IF(AND($H$12>=$F44,$H$12<$G44),$E44,"") | I44: =IF(AND($I$12>=$F44,$I$12<$G44),$E44,"") | J44: =IF(AND($J$12>=$F44,$J$12<$G44),$E44,"") | K44: =IF(AND($K$12>=$F44,$K$12<$G44),$E44,"") | L44: =IF(AND($L$12>=$F44,$L$12<$G44),$E44,"") | M44: =IF(AND($M$12>=$F44,$M$12<$G44),$E44,"") | N44: =IF(AND($N$12>=$F44,$N$12<$G44),$E44,"") | O44: =IF(AND($O$12>=$F44,$O$12<$G44),$E44,"") | P44: =IF(AND($P$12>=$F44,$P$12<$G44),$E44,"") | Q44: =IF(AND($Q$12>=$F44,$Q$12<$G44),$E44,"") | R44: =IF(AND($R$12>=$F44,$R$12<$G44),$E44,"") | S44: =IF(AND($S$12>=$F44,$S$12<$G44),$E44,"") | T44: =IF(AND($T$12>=$F44,$T$12<$G44),$E44,"") | U44: =IF(AND($U$12>=$F44,$U$12<$G44),$E44,"") | V44: =IF(AND($V$12>=$F44,$V$12<$G44),$E44,"") | W44: =IF(AND($W$12>=$F44,$W$12<$G44),$E44,"") | X44: =IF(AND($X$12>=$F44,$X$12<$G44),$E44,"") | Y44: =IF(AND($Y$12>=$F44,$Y$12<$G44),$E44,"") | Z44: =IF(AND($Z$12>=$F44,$Z$12<$G44),$E44,"") | AA44: =IF(AND($AA$12>=$F44,$AA$12<$G44),$E44,"") | AB44: =IF(AND($AB$12>=$F44,$AB$12<$G44),$E44,"") | AC44: =IF(AND($AC$12>=$F44,$AC$12<$G44),$E44,"") | AD44: =IF(AND($AD$12>=$F44,$AD$12<$G44),$E44,"") | AE44: =IF(AND($AE$12>=$F44,$AE$12<$G44),$E44,"") | AF44: =IF(AND($AF$12>=$F44,$AF$12<$G44),$E44,"") | AG44: =IF(AND($AG$12>=$F44,$AG$12<$G44),$E44,"") | AH44: =IF(AND($AH$12>=$F44,$AH$12<$G44),$E44,"") | AI44: =IF(AND($AI$12>=$F44,$AI$12<$G44),$E44,"") | AJ44: =IF(AND($AJ$12>=$F44,$AJ$12<$G44),$E44,"") | AK44: =IF(AND($AK$12>=$F44,$AK$12<$G44),$E44,"") | AL44: =IF(AND($AL$12>=$F44,$AL$12<$G44),$E44,"") | AM44: =IF(AND($AM$12>=$F44,$AM$12<$G44),$E44,"") | AN44: =IF(AND($AN$12>=$F44,$AN$12<$G44),$E44,"") | AO44: =IF(AND($AO$12>=$F44,$AO$12<$G44),$E44,"") | AP44: =IF(AND($AP$12>=$F44,$AP$12<$G44),$E44,"") | AQ44: =IF(AND($AQ$12>=$F44,$AQ$12<$G44),$E44,"") | AR44: =IF(AND($AR$12>=$F44,$AR$12<$G44),$E44,"") | AS44: =IF(AND($AS$12>=$F44,$AS$12<$G44),$E44,"") | AT44: =IF(AND($AT$12>=$F44,$AT$12<$G44),$E44,"") | AU44: =IF(AND($AU$12>=$F44,$AU$12<$G44),$E44,"") | AV44: =IF(AND($AV$12>=$F44,$AV$12<$G44),$E44,"") | AW44: =IF(AND($AW$12>=$F44,$AW$12<$G44),$E44,"") | AX44: =IF(AND($AX$12>=$F44,$AX$12<$G44),$E44,"") | AY44: =IF(AND($AY$12>=$F44,$AY$12<$G44),$E44,"") | AZ44: =IF(AND($AZ$12>=$F44,$AZ$12<$G44),$E44,"") | BA44: =IF(AND($BA$12>=$F44,$BA$12<$G44),$E44,"") | BB44: =IF(AND($BB$12>=$F44,$BB$12<$G44),$E44,"") | BC44: =IF(AND($BC$12>=$F44,$BC$12<$G44),$E44,"") | BD44: =IF(AND($BD$12>=$F44,$BD$12<$G44),$E44,"") | BE44: =IF(AND($BE$12>=$F44,$BE$12<$G44),$E44,"") | BF44: =IF(AND($BF$12>=$F44,$BF$12<$G44),$E44,"") | BG44: =IF(AND($BG$12>=$F44,$BG$12<$G44),$E44,"") | BH44: =IF(AND($BH$12>=$F44,$BH$12<$G44),$E44,"") | BI44: =IF(AND($BI$12>=$F44,$BI$12<$G44),$E44,"") | BJ44: =IF(AND($BJ$12>=$F44,$BJ$12<$G44),$E44,"") | BK44: =IF(AND($BK$12>=$F44,$BK$12<$G44),$E44,"") | BL44: =IF(AND($BL$12>=$F44,$BL$12<$G44),$E44,"") | BM44: =IF(AND($BM$12>=$F44,$BM$12<$G44),$E44,"") | BN44: =IF(AND($BN$12>=$F44,$BN$12<$G44),$E44,"") | BO44: =IF(AND($BO$12>=$F44,$BO$12<$G44),$E44,"") | BP44: =IF(AND($BP$12>=$F44,$BP$12<$G44),$E44,"") | BQ44: =IF(AND($BQ$12>=$F44,$BQ$12<$G44),$E44,"") | BR44: =IF(AND($BR$12>=$F44,$BR$12<$G44),$E44,"") | BS44: =IF(AND($BS$12>=$F44,$BS$12<$G44),$E44,"") | BT44: =IF(AND($BT$12>=$F44,$BT$12<$G44),$E44,"")
B45: =Weekly!B37 -> 01519 | C45: =Weekly!C37 -> Kathy | D45: =Weekly!D75 -> 0 | E45: =VLOOKUP(B45,Team!$B$4:$E$183,4,FALSE) -> Stat. | F45: =Weekly!G37 | G45: =Weekly!H37 | H45: =IF(AND($H$12>=$F45,$H$12<$G45),$E45,"") | I45: =IF(AND($I$12>=$F45,$I$12<$G45),$E45,"") | J45: =IF(AND($J$12>=$F45,$J$12<$G45),$E45,"") | K45: =IF(AND($K$12>=$F45,$K$12<$G45),$E45,"") | L45: =IF(AND($L$12>=$F45,$L$12<$G45),$E45,"") | M45: =IF(AND($M$12>=$F45,$M$12<$G45),$E45,"") | N45: =IF(AND($N$12>=$F45,$N$12<$G45),$E45,"") | O45: =IF(AND($O$12>=$F45,$O$12<$G45),$E45,"") | P45: =IF(AND($P$12>=$F45,$P$12<$G45),$E45,"") | Q45: =IF(AND($Q$12>=$F45,$Q$12<$G45),$E45,"") | R45: =IF(AND($R$12>=$F45,$R$12<$G45),$E45,"") | S45: =IF(AND($S$12>=$F45,$S$12<$G45),$E45,"") | T45: =IF(AND($T$12>=$F45,$T$12<$G45),$E45,"") | U45: =IF(AND($U$12>=$F45,$U$12<$G45),$E45,"") | V45: =IF(AND($V$12>=$F45,$V$12<$G45),$E45,"") | W45: =IF(AND($W$12>=$F45,$W$12<$G45),$E45,"") | X45: =IF(AND($X$12>=$F45,$X$12<$G45),$E45,"") | Y45: =IF(AND($Y$12>=$F45,$Y$12<$G45),$E45,"") | Z45: =IF(AND($Z$12>=$F45,$Z$12<$G45),$E45,"") | AA45: =IF(AND($AA$12>=$F45,$AA$12<$G45),$E45,"") | AB45: =IF(AND($AB$12>=$F45,$AB$12<$G45),$E45,"") | AC45: =IF(AND($AC$12>=$F45,$AC$12<$G45),$E45,"") | AD45: =IF(AND($AD$12>=$F45,$AD$12<$G45),$E45,"") | AE45: =IF(AND($AE$12>=$F45,$AE$12<$G45),$E45,"") | AF45: =IF(AND($AF$12>=$F45,$AF$12<$G45),$E45,"") | AG45: =IF(AND($AG$12>=$F45,$AG$12<$G45),$E45,"") | AH45: =IF(AND($AH$12>=$F45,$AH$12<$G45),$E45,"") | AI45: =IF(AND($AI$12>=$F45,$AI$12<$G45),$E45,"") | AJ45: =IF(AND($AJ$12>=$F45,$AJ$12<$G45),$E45,"") | AK45: =IF(AND($AK$12>=$F45,$AK$12<$G45),$E45,"") | AL45: =IF(AND($AL$12>=$F45,$AL$12<$G45),$E45,"") | AM45: =IF(AND($AM$12>=$F45,$AM$12<$G45),$E45,"") | AN45: =IF(AND($AN$12>=$F45,$AN$12<$G45),$E45,"") | AO45: =IF(AND($AO$12>=$F45,$AO$12<$G45),$E45,"") | AP45: =IF(AND($AP$12>=$F45,$AP$12<$G45),$E45,"") | AQ45: =IF(AND($AQ$12>=$F45,$AQ$12<$G45),$E45,"") | AR45: =IF(AND($AR$12>=$F45,$AR$12<$G45),$E45,"") | AS45: =IF(AND($AS$12>=$F45,$AS$12<$G45),$E45,"") | AT45: =IF(AND($AT$12>=$F45,$AT$12<$G45),$E45,"") | AU45: =IF(AND($AU$12>=$F45,$AU$12<$G45),$E45,"") | AV45: =IF(AND($AV$12>=$F45,$AV$12<$G45),$E45,"") | AW45: =IF(AND($AW$12>=$F45,$AW$12<$G45),$E45,"") | AX45: =IF(AND($AX$12>=$F45,$AX$12<$G45),$E45,"") | AY45: =IF(AND($AY$12>=$F45,$AY$12<$G45),$E45,"") | AZ45: =IF(AND($AZ$12>=$F45,$AZ$12<$G45),$E45,"") | BA45: =IF(AND($BA$12>=$F45,$BA$12<$G45),$E45,"") | BB45: =IF(AND($BB$12>=$F45,$BB$12<$G45),$E45,"") | BC45: =IF(AND($BC$12>=$F45,$BC$12<$G45),$E45,"") | BD45: =IF(AND($BD$12>=$F45,$BD$12<$G45),$E45,"") | BE45: =IF(AND($BE$12>=$F45,$BE$12<$G45),$E45,"") | BF45: =IF(AND($BF$12>=$F45,$BF$12<$G45),$E45,"") | BG45: =IF(AND($BG$12>=$F45,$BG$12<$G45),$E45,"") | BH45: =IF(AND($BH$12>=$F45,$BH$12<$G45),$E45,"") | BI45: =IF(AND($BI$12>=$F45,$BI$12<$G45),$E45,"") | BJ45: =IF(AND($BJ$12>=$F45,$BJ$12<$G45),$E45,"") | BK45: =IF(AND($BK$12>=$F45,$BK$12<$G45),$E45,"") | BL45: =IF(AND($BL$12>=$F45,$BL$12<$G45),$E45,"") | BM45: =IF(AND($BM$12>=$F45,$BM$12<$G45),$E45,"") | BN45: =IF(AND($BN$12>=$F45,$BN$12<$G45),$E45,"") | BO45: =IF(AND($BO$12>=$F45,$BO$12<$G45),$E45,"") | BP45: =IF(AND($BP$12>=$F45,$BP$12<$G45),$E45,"") | BQ45: =IF(AND($BQ$12>=$F45,$BQ$12<$G45),$E45,"") | BR45: =IF(AND($BR$12>=$F45,$BR$12<$G45),$E45,"") | BS45: =IF(AND($BS$12>=$F45,$BS$12<$G45),$E45,"") | BT45: =IF(AND($BT$12>=$F45,$BT$12<$G45),$E45,"")
B46: =Weekly!B38 -> 1143 | C46: =Weekly!C38 -> Kaye | D46: =Weekly!D76 -> 0 | E46: =VLOOKUP(B46,Team!$B$4:$E$183,4,FALSE) -> L's | F46: =Weekly!G38 | G46: =Weekly!H38 | H46: =IF(AND($H$12>=$F46,$H$12<$G46),$E46,"") | I46: =IF(AND($I$12>=$F46,$I$12<$G46),$E46,"") | J46: =IF(AND($J$12>=$F46,$J$12<$G46),$E46,"") | K46: =IF(AND($K$12>=$F46,$K$12<$G46),$E46,"") | L46: =IF(AND($L$12>=$F46,$L$12<$G46),$E46,"") | M46: =IF(AND($M$12>=$F46,$M$12<$G46),$E46,"") | N46: =IF(AND($N$12>=$F46,$N$12<$G46),$E46,"") | O46: =IF(AND($O$12>=$F46,$O$12<$G46),$E46,"") | P46: =IF(AND($P$12>=$F46,$P$12<$G46),$E46,"") | Q46: =IF(AND($Q$12>=$F46,$Q$12<$G46),$E46,"") | R46: =IF(AND($R$12>=$F46,$R$12<$G46),$E46,"") | S46: =IF(AND($S$12>=$F46,$S$12<$G46),$E46,"") | T46: =IF(AND($T$12>=$F46,$T$12<$G46),$E46,"") | U46: =IF(AND($U$12>=$F46,$U$12<$G46),$E46,"") | V46: =IF(AND($V$12>=$F46,$V$12<$G46),$E46,"") | W46: =IF(AND($W$12>=$F46,$W$12<$G46),$E46,"") | X46: =IF(AND($X$12>=$F46,$X$12<$G46),$E46,"") | Y46: =IF(AND($Y$12>=$F46,$Y$12<$G46),$E46,"") | Z46: =IF(AND($Z$12>=$F46,$Z$12<$G46),$E46,"") | AA46: =IF(AND($AA$12>=$F46,$AA$12<$G46),$E46,"") | AB46: =IF(AND($AB$12>=$F46,$AB$12<$G46),$E46,"") | AC46: =IF(AND($AC$12>=$F46,$AC$12<$G46),$E46,"") | AD46: =IF(AND($AD$12>=$F46,$AD$12<$G46),$E46,"") | AE46: =IF(AND($AE$12>=$F46,$AE$12<$G46),$E46,"") | AF46: =IF(AND($AF$12>=$F46,$AF$12<$G46),$E46,"") | AG46: =IF(AND($AG$12>=$F46,$AG$12<$G46),$E46,"") | AH46: =IF(AND($AH$12>=$F46,$AH$12<$G46),$E46,"") | AI46: =IF(AND($AI$12>=$F46,$AI$12<$G46),$E46,"") | AJ46: =IF(AND($AJ$12>=$F46,$AJ$12<$G46),$E46,"") | AK46: =IF(AND($AK$12>=$F46,$AK$12<$G46),$E46,"") | AL46: =IF(AND($AL$12>=$F46,$AL$12<$G46),$E46,"") | AM46: =IF(AND($AM$12>=$F46,$AM$12<$G46),$E46,"") | AN46: =IF(AND($AN$12>=$F46,$AN$12<$G46),$E46,"") | AO46: =IF(AND($AO$12>=$F46,$AO$12<$G46),$E46,"") | AP46: =IF(AND($AP$12>=$F46,$AP$12<$G46),$E46,"") | AQ46: =IF(AND($AQ$12>=$F46,$AQ$12<$G46),$E46,"") | AR46: =IF(AND($AR$12>=$F46,$AR$12<$G46),$E46,"") | AS46: =IF(AND($AS$12>=$F46,$AS$12<$G46),$E46,"") | AT46: =IF(AND($AT$12>=$F46,$AT$12<$G46),$E46,"") | AU46: =IF(AND($AU$12>=$F46,$AU$12<$G46),$E46,"") | AV46: =IF(AND($AV$12>=$F46,$AV$12<$G46),$E46,"") | AW46: =IF(AND($AW$12>=$F46,$AW$12<$G46),$E46,"") | AX46: =IF(AND($AX$12>=$F46,$AX$12<$G46),$E46,"") | AY46: =IF(AND($AY$12>=$F46,$AY$12<$G46),$E46,"") | AZ46: =IF(AND($AZ$12>=$F46,$AZ$12<$G46),$E46,"") | BA46: =IF(AND($BA$12>=$F46,$BA$12<$G46),$E46,"") | BB46: =IF(AND($BB$12>=$F46,$BB$12<$G46),$E46,"") | BC46: =IF(AND($BC$12>=$F46,$BC$12<$G46),$E46,"") | BD46: =IF(AND($BD$12>=$F46,$BD$12<$G46),$E46,"") | BE46: =IF(AND($BE$12>=$F46,$BE$12<$G46),$E46,"") | BF46: =IF(AND($BF$12>=$F46,$BF$12<$G46),$E46,"") | BG46: =IF(AND($BG$12>=$F46,$BG$12<$G46),$E46,"") | BH46: =IF(AND($BH$12>=$F46,$BH$12<$G46),$E46,"") | BI46: =IF(AND($BI$12>=$F46,$BI$12<$G46),$E46,"") | BJ46: =IF(AND($BJ$12>=$F46,$BJ$12<$G46),$E46,"") | BK46: =IF(AND($BK$12>=$F46,$BK$12<$G46),$E46,"") | BL46: =IF(AND($BL$12>=$F46,$BL$12<$G46),$E46,"") | BM46: =IF(AND($BM$12>=$F46,$BM$12<$G46),$E46,"") | BN46: =IF(AND($BN$12>=$F46,$BN$12<$G46),$E46,"") | BO46: =IF(AND($BO$12>=$F46,$BO$12<$G46),$E46,"") | BP46: =IF(AND($BP$12>=$F46,$BP$12<$G46),$E46,"") | BQ46: =IF(AND($BQ$12>=$F46,$BQ$12<$G46),$E46,"") | BR46: =IF(AND($BR$12>=$F46,$BR$12<$G46),$E46,"") | BS46: =IF(AND($BS$12>=$F46,$BS$12<$G46),$E46,"") | BT46: =IF(AND($BT$12>=$F46,$BT$12<$G46),$E46,"")
B47: =Weekly!B39 -> 01523 | C47: =Weekly!C39 -> Lachlan | D47: =Weekly!D77 -> 0 | E47: =VLOOKUP(B47,Team!$B$4:$E$183,4,FALSE) -> L's | F47: =Weekly!G39 | G47: =Weekly!H39 | H47: =IF(AND($H$12>=$F47,$H$12<$G47),$E47,"") | I47: =IF(AND($I$12>=$F47,$I$12<$G47),$E47,"") | J47: =IF(AND($J$12>=$F47,$J$12<$G47),$E47,"") | K47: =IF(AND($K$12>=$F47,$K$12<$G47),$E47,"") | L47: =IF(AND($L$12>=$F47,$L$12<$G47),$E47,"") | M47: =IF(AND($M$12>=$F47,$M$12<$G47),$E47,"") | N47: =IF(AND($N$12>=$F47,$N$12<$G47),$E47,"") | O47: =IF(AND($O$12>=$F47,$O$12<$G47),$E47,"") | P47: =IF(AND($P$12>=$F47,$P$12<$G47),$E47,"") | Q47: =IF(AND($Q$12>=$F47,$Q$12<$G47),$E47,"") | R47: =IF(AND($R$12>=$F47,$R$12<$G47),$E47,"") | S47: =IF(AND($S$12>=$F47,$S$12<$G47),$E47,"") | T47: =IF(AND($T$12>=$F47,$T$12<$G47),$E47,"") | U47: =IF(AND($U$12>=$F47,$U$12<$G47),$E47,"") | V47: =IF(AND($V$12>=$F47,$V$12<$G47),$E47,"") | W47: =IF(AND($W$12>=$F47,$W$12<$G47),$E47,"") | X47: =IF(AND($X$12>=$F47,$X$12<$G47),$E47,"") | Y47: =IF(AND($Y$12>=$F47,$Y$12<$G47),$E47,"") | Z47: =IF(AND($Z$12>=$F47,$Z$12<$G47),$E47,"") | AA47: =IF(AND($AA$12>=$F47,$AA$12<$G47),$E47,"") | AB47: =IF(AND($AB$12>=$F47,$AB$12<$G47),$E47,"") | AC47: =IF(AND($AC$12>=$F47,$AC$12<$G47),$E47,"") | AD47: =IF(AND($AD$12>=$F47,$AD$12<$G47),$E47,"") | AE47: =IF(AND($AE$12>=$F47,$AE$12<$G47),$E47,"") | AF47: =IF(AND($AF$12>=$F47,$AF$12<$G47),$E47,"") | AG47: =IF(AND($AG$12>=$F47,$AG$12<$G47),$E47,"") | AH47: =IF(AND($AH$12>=$F47,$AH$12<$G47),$E47,"") | AI47: =IF(AND($AI$12>=$F47,$AI$12<$G47),$E47,"") | AJ47: =IF(AND($AJ$12>=$F47,$AJ$12<$G47),$E47,"") | AK47: =IF(AND($AK$12>=$F47,$AK$12<$G47),$E47,"") | AL47: =IF(AND($AL$12>=$F47,$AL$12<$G47),$E47,"") | AM47: =IF(AND($AM$12>=$F47,$AM$12<$G47),$E47,"") | AN47: =IF(AND($AN$12>=$F47,$AN$12<$G47),$E47,"") | AO47: =IF(AND($AO$12>=$F47,$AO$12<$G47),$E47,"") | AP47: =IF(AND($AP$12>=$F47,$AP$12<$G47),$E47,"") | AQ47: =IF(AND($AQ$12>=$F47,$AQ$12<$G47),$E47,"") | AR47: =IF(AND($AR$12>=$F47,$AR$12<$G47),$E47,"") | AS47: =IF(AND($AS$12>=$F47,$AS$12<$G47),$E47,"") | AT47: =IF(AND($AT$12>=$F47,$AT$12<$G47),$E47,"") | AU47: =IF(AND($AU$12>=$F47,$AU$12<$G47),$E47,"") | AV47: =IF(AND($AV$12>=$F47,$AV$12<$G47),$E47,"") | AW47: =IF(AND($AW$12>=$F47,$AW$12<$G47),$E47,"") | AX47: =IF(AND($AX$12>=$F47,$AX$12<$G47),$E47,"") | AY47: =IF(AND($AY$12>=$F47,$AY$12<$G47),$E47,"") | AZ47: =IF(AND($AZ$12>=$F47,$AZ$12<$G47),$E47,"") | BA47: =IF(AND($BA$12>=$F47,$BA$12<$G47),$E47,"") | BB47: =IF(AND($BB$12>=$F47,$BB$12<$G47),$E47,"") | BC47: =IF(AND($BC$12>=$F47,$BC$12<$G47),$E47,"") | BD47: =IF(AND($BD$12>=$F47,$BD$12<$G47),$E47,"") | BE47: =IF(AND($BE$12>=$F47,$BE$12<$G47),$E47,"") | BF47: =IF(AND($BF$12>=$F47,$BF$12<$G47),$E47,"") | BG47: =IF(AND($BG$12>=$F47,$BG$12<$G47),$E47,"") | BH47: =IF(AND($BH$12>=$F47,$BH$12<$G47),$E47,"") | BI47: =IF(AND($BI$12>=$F47,$BI$12<$G47),$E47,"") | BJ47: =IF(AND($BJ$12>=$F47,$BJ$12<$G47),$E47,"") | BK47: =IF(AND($BK$12>=$F47,$BK$12<$G47),$E47,"") | BL47: =IF(AND($BL$12>=$F47,$BL$12<$G47),$E47,"") | BM47: =IF(AND($BM$12>=$F47,$BM$12<$G47),$E47,"") | BN47: =IF(AND($BN$12>=$F47,$BN$12<$G47),$E47,"") | BO47: =IF(AND($BO$12>=$F47,$BO$12<$G47),$E47,"") | BP47: =IF(AND($BP$12>=$F47,$BP$12<$G47),$E47,"") | BQ47: =IF(AND($BQ$12>=$F47,$BQ$12<$G47),$E47,"") | BR47: =IF(AND($BR$12>=$F47,$BR$12<$G47),$E47,"") | BS47: =IF(AND($BS$12>=$F47,$BS$12<$G47),$E47,"") | BT47: =IF(AND($BT$12>=$F47,$BT$12<$G47),$E47,"")
B48: =Weekly!B40 -> 614 | C48: =Weekly!C40 -> Lauren | D48: =Weekly!D78 -> 0 | E48: =VLOOKUP(B48,Team!$B$4:$E$183,4,FALSE) -> L's | F48: =Weekly!G40 | G48: =Weekly!H40 | H48: =IF(AND($H$12>=$F48,$H$12<$G48),$E48,"") | I48: =IF(AND($I$12>=$F48,$I$12<$G48),$E48,"") | J48: =IF(AND($J$12>=$F48,$J$12<$G48),$E48,"") | K48: =IF(AND($K$12>=$F48,$K$12<$G48),$E48,"") | L48: =IF(AND($L$12>=$F48,$L$12<$G48),$E48,"") | M48: =IF(AND($M$12>=$F48,$M$12<$G48),$E48,"") | N48: =IF(AND($N$12>=$F48,$N$12<$G48),$E48,"") | O48: =IF(AND($O$12>=$F48,$O$12<$G48),$E48,"") | P48: =IF(AND($P$12>=$F48,$P$12<$G48),$E48,"") | Q48: =IF(AND($Q$12>=$F48,$Q$12<$G48),$E48,"") | R48: =IF(AND($R$12>=$F48,$R$12<$G48),$E48,"") | S48: =IF(AND($S$12>=$F48,$S$12<$G48),$E48,"") | T48: =IF(AND($T$12>=$F48,$T$12<$G48),$E48,"") | U48: =IF(AND($U$12>=$F48,$U$12<$G48),$E48,"") | V48: =IF(AND($V$12>=$F48,$V$12<$G48),$E48,"") | W48: =IF(AND($W$12>=$F48,$W$12<$G48),$E48,"") | X48: =IF(AND($X$12>=$F48,$X$12<$G48),$E48,"") | Y48: =IF(AND($Y$12>=$F48,$Y$12<$G48),$E48,"") | Z48: =IF(AND($Z$12>=$F48,$Z$12<$G48),$E48,"") | AA48: =IF(AND($AA$12>=$F48,$AA$12<$G48),$E48,"") | AB48: =IF(AND($AB$12>=$F48,$AB$12<$G48),$E48,"") | AC48: =IF(AND($AC$12>=$F48,$AC$12<$G48),$E48,"") | AD48: =IF(AND($AD$12>=$F48,$AD$12<$G48),$E48,"") | AE48: =IF(AND($AE$12>=$F48,$AE$12<$G48),$E48,"") | AF48: =IF(AND($AF$12>=$F48,$AF$12<$G48),$E48,"") | AG48: =IF(AND($AG$12>=$F48,$AG$12<$G48),$E48,"") | AH48: =IF(AND($AH$12>=$F48,$AH$12<$G48),$E48,"") | AI48: =IF(AND($AI$12>=$F48,$AI$12<$G48),$E48,"") | AJ48: =IF(AND($AJ$12>=$F48,$AJ$12<$G48),$E48,"") | AK48: =IF(AND($AK$12>=$F48,$AK$12<$G48),$E48,"") | AL48: =IF(AND($AL$12>=$F48,$AL$12<$G48),$E48,"") | AM48: =IF(AND($AM$12>=$F48,$AM$12<$G48),$E48,"") | AN48: =IF(AND($AN$12>=$F48,$AN$12<$G48),$E48,"") | AO48: =IF(AND($AO$12>=$F48,$AO$12<$G48),$E48,"") | AP48: =IF(AND($AP$12>=$F48,$AP$12<$G48),$E48,"") | AQ48: =IF(AND($AQ$12>=$F48,$AQ$12<$G48),$E48,"") | AR48: =IF(AND($AR$12>=$F48,$AR$12<$G48),$E48,"") | AS48: =IF(AND($AS$12>=$F48,$AS$12<$G48),$E48,"") | AT48: =IF(AND($AT$12>=$F48,$AT$12<$G48),$E48,"") | AU48: =IF(AND($AU$12>=$F48,$AU$12<$G48),$E48,"") | AV48: =IF(AND($AV$12>=$F48,$AV$12<$G48),$E48,"") | AW48: =IF(AND($AW$12>=$F48,$AW$12<$G48),$E48,"") | AX48: =IF(AND($AX$12>=$F48,$AX$12<$G48),$E48,"") | AY48: =IF(AND($AY$12>=$F48,$AY$12<$G48),$E48,"") | AZ48: =IF(AND($AZ$12>=$F48,$AZ$12<$G48),$E48,"") | BA48: =IF(AND($BA$12>=$F48,$BA$12<$G48),$E48,"") | BB48: =IF(AND($BB$12>=$F48,$BB$12<$G48),$E48,"") | BC48: =IF(AND($BC$12>=$F48,$BC$12<$G48),$E48,"") | BD48: =IF(AND($BD$12>=$F48,$BD$12<$G48),$E48,"") | BE48: =IF(AND($BE$12>=$F48,$BE$12<$G48),$E48,"") | BF48: =IF(AND($BF$12>=$F48,$BF$12<$G48),$E48,"") | BG48: =IF(AND($BG$12>=$F48,$BG$12<$G48),$E48,"") | BH48: =IF(AND($BH$12>=$F48,$BH$12<$G48),$E48,"") | BI48: =IF(AND($BI$12>=$F48,$BI$12<$G48),$E48,"") | BJ48: =IF(AND($BJ$12>=$F48,$BJ$12<$G48),$E48,"") | BK48: =IF(AND($BK$12>=$F48,$BK$12<$G48),$E48,"") | BL48: =IF(AND($BL$12>=$F48,$BL$12<$G48),$E48,"") | BM48: =IF(AND($BM$12>=$F48,$BM$12<$G48),$E48,"") | BN48: =IF(AND($BN$12>=$F48,$BN$12<$G48),$E48,"") | BO48: =IF(AND($BO$12>=$F48,$BO$12<$G48),$E48,"") | BP48: =IF(AND($BP$12>=$F48,$BP$12<$G48),$E48,"") | BQ48: =IF(AND($BQ$12>=$F48,$BQ$12<$G48),$E48,"") | BR48: =IF(AND($BR$12>=$F48,$BR$12<$G48),$E48,"") | BS48: =IF(AND($BS$12>=$F48,$BS$12<$G48),$E48,"") | BT48: =IF(AND($BT$12>=$F48,$BT$12<$G48),$E48,"")
B49: =Weekly!B61 -> 1160 | C49: =Weekly!C61 -> Yura | D49: =Weekly!D63 -> 0 | E49: =VLOOKUP(B49,Team!$B$4:$E$183,4,FALSE) -> SPV | F49: =Weekly!G61 -> 0.35416667 | G49: =Weekly!H61 -> 0.70833333 | H49: =IF(AND($H$12>=$F49,$H$12<$G49),$E49,"") | I49: =IF(AND($I$12>=$F49,$I$12<$G49),$E49,"") | J49: =IF(AND($J$12>=$F49,$J$12<$G49),$E49,"") | K49: =IF(AND($K$12>=$F49,$K$12<$G49),$E49,"") | L49: =IF(AND($L$12>=$F49,$L$12<$G49),$E49,"") | M49: =IF(AND($M$12>=$F49,$M$12<$G49),$E49,"") | N49: H | O49: R | P49: R | Q49: R | R49: GR | S49: GR | T49: GR | U49: GR | V49: GR | W49: GR | X49: =IF(AND($X$12>=$F49,$X$12<$G49),$E49,"") -> SPV | Y49: =IF(AND($X$12>=$F49,$X$12<$G49),$E49,"") -> SPV | Z49: =IF(AND($X$12>=$F49,$X$12<$G49),$E49,"") -> SPV | AA49: =IF(AND($X$12>=$F49,$X$12<$G49),$E49,"") -> SPV | AB49: 40 | AC49: 40 | AD49: 40 | AE49: 10 | AF49: =IF(AND($AF$12>=$F49,$AF$12<$G49),$E49,"") -> SPV | AG49: =IF(AND($AG$12>=$F49,$AG$12<$G49),$E49,"") -> SPV | AH49: =IF(AND($AH$12>=$F49,$AH$12<$G49),$E49,"") -> SPV | AI49: =IF(AND($AI$12>=$F49,$AI$12<$G49),$E49,"") -> SPV | AJ49: =IF(AND($AJ$12>=$F49,$AJ$12<$G49),$E49,"") -> SPV | AK49: =IF(AND($AK$12>=$F49,$AK$12<$G49),$E49,"") -> SPV | AL49: =IF(AND($AL$12>=$F49,$AL$12<$G49),$E49,"") -> SPV | AM49: =IF(AND($AM$12>=$F49,$AM$12<$G49),$E49,"") -> SPV | AN49: =IF(AND($AN$12>=$F49,$AN$12<$G49),$E49,"") -> SPV | AO49: =IF(AND($AO$12>=$F49,$AO$12<$G49),$E49,"") -> SPV | AP49: =IF(AND($AP$12>=$F49,$AP$12<$G49),$E49,"") -> SPV | AQ49: =IF(AND($AQ$12>=$F49,$AQ$12<$G49),$E49,"") -> SPV | AR49: =IF(AND($AR$12>=$F49,$AR$12<$G49),$E49,"") -> SPV | AS49: =IF(AND($AS$12>=$F49,$AS$12<$G49),$E49,"") -> SPV | AT49: =IF(AND($AT$12>=$F49,$AT$12<$G49),$E49,"") -> SPV | AU49: =IF(AND($AU$12>=$F49,$AU$12<$G49),$E49,"") -> SPV | AV49: =IF(AND($AV$12>=$F49,$AV$12<$G49),$E49,"") | AW49: =IF(AND($AW$12>=$F49,$AW$12<$G49),$E49,"") | AX49: =IF(AND($AX$12>=$F49,$AX$12<$G49),$E49,"") | AY49: =IF(AND($AY$12>=$F49,$AY$12<$G49),$E49,"") | AZ49: =IF(AND($AZ$12>=$F49,$AZ$12<$G49),$E49,"") | BA49: =IF(AND($BA$12>=$F49,$BA$12<$G49),$E49,"") | BB49: =IF(AND($BB$12>=$F49,$BB$12<$G49),$E49,"") | BC49: =IF(AND($BC$12>=$F49,$BC$12<$G49),$E49,"") | BD49: =IF(AND($BD$12>=$F49,$BD$12<$G49),$E49,"") | BE49: =IF(AND($BE$12>=$F49,$BE$12<$G49),$E49,"") | BF49: =IF(AND($BF$12>=$F49,$BF$12<$G49),$E49,"") | BG49: =IF(AND($BG$12>=$F49,$BG$12<$G49),$E49,"") | BH49: =IF(AND($BH$12>=$F49,$BH$12<$G49),$E49,"") | BI49: =IF(AND($BI$12>=$F49,$BI$12<$G49),$E49,"") | BJ49: =IF(AND($BJ$12>=$F49,$BJ$12<$G49),$E49,"") | BK49: =IF(AND($BK$12>=$F49,$BK$12<$G49),$E49,"") | BL49: =IF(AND($BL$12>=$F49,$BL$12<$G49),$E49,"") | BM49: =IF(AND($BM$12>=$F49,$BM$12<$G49),$E49,"") | BN49: =IF(AND($BN$12>=$F49,$BN$12<$G49),$E49,"") | BO49: =IF(AND($BO$12>=$F49,$BO$12<$G49),$E49,"") | BP49: =IF(AND($BP$12>=$F49,$BP$12<$G49),$E49,"") | BQ49: =IF(AND($BQ$12>=$F49,$BQ$12<$G49),$E49,"") | BR49: =IF(AND($BR$12>=$F49,$BR$12<$G49),$E49,"") | BS49: =IF(AND($BS$12>=$F49,$BS$12<$G49),$E49,"") | BT49: =IF(AND($BT$12>=$F49,$BT$12<$G49),$E49,"")
B50: =Weekly!B15 -> 01514 | C50: =Weekly!C15 -> Chloe | D50: =Weekly!D48 -> De Vera | E50: =VLOOKUP(B50,Team!$B$4:$E$183,4,FALSE) -> SPV | F50: =Weekly!G15 -> 0.4375 | G50: =Weekly!H15 -> 0.79166667 | H50: =IF(AND($H$12>=$F50,$H$12<$G50),$E50,"") | I50: =IF(AND($I$12>=$F50,$I$12<$G50),$E50,"") | J50: =IF(AND($J$12>=$F50,$J$12<$G50),$E50,"") | K50: =IF(AND($K$12>=$F50,$K$12<$G50),$E50,"") | L50: =IF(AND($L$12>=$F50,$L$12<$G50),$E50,"") | M50: =IF(AND($M$12>=$F50,$M$12<$G50),$E50,"") | N50: =IF(AND($N$12>=$F50,$N$12<$G50),$E50,"") | O50: =IF(AND($O$12>=$F50,$O$12<$G50),$E50,"") | P50: =IF(AND($P$12>=$F50,$P$12<$G50),$E50,"") | Q50: =IF(AND($Q$12>=$F50,$Q$12<$G50),$E50,"") | R50: =IF(AND($R$12>=$F50,$R$12<$G50),$E50,"") | S50: =IF(AND($S$12>=$F50,$S$12<$G50),$E50,"") | T50: =IF(AND($T$12>=$F50,$T$12<$G50),$E50,"") | U50: =IF(AND($U$12>=$F50,$U$12<$G50),$E50,"") | V50: =IF(AND($V$12>=$F50,$V$12<$G50),$E50,"") -> SPV | W50: =IF(AND($W$12>=$F50,$W$12<$G50),$E50,"") -> SPV | X50: H | Y50: =IF(AND($Y$12>=$F50,$Y$12<$G50),$E50,"") -> SPV | Z50: =IF(AND($Z$12>=$F50,$Z$12<$G50),$E50,"") -> SPV | AA50: =IF(AND($AA$12>=$F50,$AA$12<$G50),$E50,"") -> SPV | AB50: R | AC50: R | AD50: R | AE50: R | AF50: =IF(AND($AH$12>=$F50,$AH$12<$G50),$E50,"") -> SPV | AG50: =IF(AND($AH$12>=$F50,$AH$12<$G50),$E50,"") -> SPV | AH50: =IF(AND($AH$12>=$F50,$AH$12<$G50),$E50,"") -> SPV | AI50: 40 | AJ50: 40 | AK50: 40 | AL50: 10 | AM50: =IF(AND($AM$12>=$F50,$AM$12<$G50),$E50,"") -> SPV | AN50: =IF(AND($AN$12>=$F50,$AN$12<$G50),$E50,"") -> SPV | AO50: =IF(AND($AO$12>=$F50,$AO$12<$G50),$E50,"") -> SPV | AP50: =IF(AND($AP$12>=$F50,$AP$12<$G50),$E50,"") -> SPV | AQ50: =IF(AND($AQ$12>=$F50,$AQ$12<$G50),$E50,"") -> SPV | AR50: =IF(AND($AR$12>=$F50,$AR$12<$G50),$E50,"") -> SPV | AS50: =IF(AND($AS$12>=$F50,$AS$12<$G50),$E50,"") -> SPV | AT50: =IF(AND($AS$12>=$F50,$AS$12<$G50),$E50,"") -> SPV | AU50: =IF(AND($AS$12>=$F50,$AS$12<$G50),$E50,"") -> SPV | AV50: =IF(AND($AS$12>=$F50,$AS$12<$G50),$E50,"") -> SPV | AW50: =IF(AND($AW$12>=$F50,$AW$12<$G50),$E50,"") -> SPV | AX50: =IF(AND($AX$12>=$F50,$AX$12<$G50),$E50,"") -> SPV | AY50: =IF(AND($AY$12>=$F50,$AY$12<$G50),$E50,"") -> SPV | AZ50: R | BA50: R | BB50: R | BC50: R | BD50: =IF(AND($BD$12>=$F50,$BD$12<$G50),$E50,"") | BE50: =IF(AND($BE$12>=$F50,$BE$12<$G50),$E50,"") | BF50: =IF(AND($BF$12>=$F50,$BF$12<$G50),$E50,"") | BG50: =IF(AND($BG$12>=$F50,$BG$12<$G50),$E50,"") | BH50: =IF(AND($BH$12>=$F50,$BH$12<$G50),$E50,"") | BI50: =IF(AND($BI$12>=$F50,$BI$12<$G50),$E50,"") | BJ50: =IF(AND($BJ$12>=$F50,$BJ$12<$G50),$E50,"") | BK50: =IF(AND($BK$12>=$F50,$BK$12<$G50),$E50,"") | BL50: =IF(AND($BL$12>=$F50,$BL$12<$G50),$E50,"") | BM50: =IF(AND($BM$12>=$F50,$BM$12<$G50),$E50,"") | BN50: =IF(AND($BN$12>=$F50,$BN$12<$G50),$E50,"") | BO50: =IF(AND($BO$12>=$F50,$BO$12<$G50),$E50,"") | BP50: =IF(AND($BP$12>=$F50,$BP$12<$G50),$E50,"") | BQ50: =IF(AND($BQ$12>=$F50,$BQ$12<$G50),$E50,"") | BR50: =IF(AND($BR$12>=$F50,$BR$12<$G50),$E50,"") | BS50: =IF(AND($BS$12>=$F50,$BS$12<$G50),$E50,"") | BT50: =IF(AND($BT$12>=$F50,$BT$12<$G50),$E50,"")
B51: =Weekly!B43 -> 1132 | C51: =Weekly!C43 -> Michelle B. | D51: =Weekly!D81 -> 0 | E51: =VLOOKUP(B51,Team!$B$4:$E$183,4,FALSE) -> Stat. | F51: =Weekly!G43 | G51: =Weekly!H43 | H51: =IF(AND($H$12>=$F51,$H$12<$G51),$E51,"") | I51: =IF(AND($I$12>=$F51,$I$12<$G51),$E51,"") | J51: =IF(AND($J$12>=$F51,$J$12<$G51),$E51,"") | K51: =IF(AND($K$12>=$F51,$K$12<$G51),$E51,"") | L51: =IF(AND($L$12>=$F51,$L$12<$G51),$E51,"") | M51: =IF(AND($M$12>=$F51,$M$12<$G51),$E51,"") | N51: =IF(AND($N$12>=$F51,$N$12<$G51),$E51,"") | O51: =IF(AND($O$12>=$F51,$O$12<$G51),$E51,"") | P51: =IF(AND($P$12>=$F51,$P$12<$G51),$E51,"") | Q51: =IF(AND($Q$12>=$F51,$Q$12<$G51),$E51,"") | R51: =IF(AND($R$12>=$F51,$R$12<$G51),$E51,"") | S51: =IF(AND($S$12>=$F51,$S$12<$G51),$E51,"") | T51: =IF(AND($T$12>=$F51,$T$12<$G51),$E51,"") | U51: =IF(AND($U$12>=$F51,$U$12<$G51),$E51,"") | V51: =IF(AND($V$12>=$F51,$V$12<$G51),$E51,"") | W51: =IF(AND($W$12>=$F51,$W$12<$G51),$E51,"") | X51: =IF(AND($X$12>=$F51,$X$12<$G51),$E51,"") | Y51: =IF(AND($Y$12>=$F51,$Y$12<$G51),$E51,"") | Z51: =IF(AND($Z$12>=$F51,$Z$12<$G51),$E51,"") | AA51: =IF(AND($AA$12>=$F51,$AA$12<$G51),$E51,"") | AB51: =IF(AND($AB$12>=$F51,$AB$12<$G51),$E51,"") | AC51: =IF(AND($AC$12>=$F51,$AC$12<$G51),$E51,"") | AD51: =IF(AND($AD$12>=$F51,$AD$12<$G51),$E51,"") | AE51: =IF(AND($AE$12>=$F51,$AE$12<$G51),$E51,"") | AF51: =IF(AND($AF$12>=$F51,$AF$12<$G51),$E51,"") | AG51: =IF(AND($AG$12>=$F51,$AG$12<$G51),$E51,"") | AH51: =IF(AND($AH$12>=$F51,$AH$12<$G51),$E51,"") | AI51: =IF(AND($AI$12>=$F51,$AI$12<$G51),$E51,"") | AJ51: =IF(AND($AJ$12>=$F51,$AJ$12<$G51),$E51,"") | AK51: =IF(AND($AK$12>=$F51,$AK$12<$G51),$E51,"") | AL51: =IF(AND($AL$12>=$F51,$AL$12<$G51),$E51,"") | AM51: =IF(AND($AM$12>=$F51,$AM$12<$G51),$E51,"") | AN51: =IF(AND($AN$12>=$F51,$AN$12<$G51),$E51,"") | AO51: =IF(AND($AO$12>=$F51,$AO$12<$G51),$E51,"") | AP51: =IF(AND($AP$12>=$F51,$AP$12<$G51),$E51,"") | AQ51: =IF(AND($AQ$12>=$F51,$AQ$12<$G51),$E51,"") | AR51: =IF(AND($AR$12>=$F51,$AR$12<$G51),$E51,"") | AS51: =IF(AND($AS$12>=$F51,$AS$12<$G51),$E51,"") | AT51: =IF(AND($AT$12>=$F51,$AT$12<$G51),$E51,"") | AU51: =IF(AND($AU$12>=$F51,$AU$12<$G51),$E51,"") | AV51: =IF(AND($AV$12>=$F51,$AV$12<$G51),$E51,"") | AW51: =IF(AND($AW$12>=$F51,$AW$12<$G51),$E51,"") | AX51: =IF(AND($AX$12>=$F51,$AX$12<$G51),$E51,"") | AY51: =IF(AND($AY$12>=$F51,$AY$12<$G51),$E51,"") | AZ51: =IF(AND($AZ$12>=$F51,$AZ$12<$G51),$E51,"") | BA51: =IF(AND($BA$12>=$F51,$BA$12<$G51),$E51,"") | BB51: =IF(AND($BB$12>=$F51,$BB$12<$G51),$E51,"") | BC51: =IF(AND($BC$12>=$F51,$BC$12<$G51),$E51,"") | BD51: =IF(AND($BD$12>=$F51,$BD$12<$G51),$E51,"") | BE51: =IF(AND($BE$12>=$F51,$BE$12<$G51),$E51,"") | BF51: =IF(AND($BF$12>=$F51,$BF$12<$G51),$E51,"") | BG51: =IF(AND($BG$12>=$F51,$BG$12<$G51),$E51,"") | BH51: =IF(AND($BH$12>=$F51,$BH$12<$G51),$E51,"") | BI51: =IF(AND($BI$12>=$F51,$BI$12<$G51),$E51,"") | BJ51: =IF(AND($BJ$12>=$F51,$BJ$12<$G51),$E51,"") | BK51: =IF(AND($BK$12>=$F51,$BK$12<$G51),$E51,"") | BL51: =IF(AND($BL$12>=$F51,$BL$12<$G51),$E51,"") | BM51: =IF(AND($BM$12>=$F51,$BM$12<$G51),$E51,"") | BN51: =IF(AND($BN$12>=$F51,$BN$12<$G51),$E51,"") | BO51: =IF(AND($BO$12>=$F51,$BO$12<$G51),$E51,"") | BP51: =IF(AND($BP$12>=$F51,$BP$12<$G51),$E51,"") | BQ51: =IF(AND($BQ$12>=$F51,$BQ$12<$G51),$E51,"") | BR51: =IF(AND($BR$12>=$F51,$BR$12<$G51),$E51,"") | BS51: =IF(AND($BS$12>=$F51,$BS$12<$G51),$E51,"") | BT51: =IF(AND($BT$12>=$F51,$BT$12<$G51),$E51,"")
B52: =Weekly!B44 -> 01525 | C52: =Weekly!C44 -> Michelle T. | D52: =Weekly!D82 -> 0 | E52: =VLOOKUP(B52,Team!$B$4:$E$183,4,FALSE) -> Acc. | F52: =Weekly!G44 | G52: =Weekly!H44 | H52: =IF(AND($H$12>=$F52,$H$12<$G52),$E52,"") | I52: =IF(AND($I$12>=$F52,$I$12<$G52),$E52,"") | J52: =IF(AND($J$12>=$F52,$J$12<$G52),$E52,"") | K52: =IF(AND($K$12>=$F52,$K$12<$G52),$E52,"") | L52: =IF(AND($L$12>=$F52,$L$12<$G52),$E52,"") | M52: =IF(AND($M$12>=$F52,$M$12<$G52),$E52,"") | N52: =IF(AND($N$12>=$F52,$N$12<$G52),$E52,"") | O52: =IF(AND($O$12>=$F52,$O$12<$G52),$E52,"") | P52: =IF(AND($P$12>=$F52,$P$12<$G52),$E52,"") | Q52: =IF(AND($Q$12>=$F52,$Q$12<$G52),$E52,"") | R52: =IF(AND($R$12>=$F52,$R$12<$G52),$E52,"") | S52: =IF(AND($S$12>=$F52,$S$12<$G52),$E52,"") | T52: =IF(AND($T$12>=$F52,$T$12<$G52),$E52,"") | U52: =IF(AND($U$12>=$F52,$U$12<$G52),$E52,"") | V52: =IF(AND($V$12>=$F52,$V$12<$G52),$E52,"") | W52: =IF(AND($W$12>=$F52,$W$12<$G52),$E52,"") | X52: =IF(AND($X$12>=$F52,$X$12<$G52),$E52,"") | Y52: =IF(AND($Y$12>=$F52,$Y$12<$G52),$E52,"") | Z52: =IF(AND($Z$12>=$F52,$Z$12<$G52),$E52,"") | AA52: =IF(AND($AA$12>=$F52,$AA$12<$G52),$E52,"") | AB52: =IF(AND($AB$12>=$F52,$AB$12<$G52),$E52,"") | AC52: =IF(AND($AC$12>=$F52,$AC$12<$G52),$E52,"") | AD52: =IF(AND($AD$12>=$F52,$AD$12<$G52),$E52,"") | AE52: =IF(AND($AE$12>=$F52,$AE$12<$G52),$E52,"") | AF52: =IF(AND($AF$12>=$F52,$AF$12<$G52),$E52,"") | AG52: =IF(AND($AG$12>=$F52,$AG$12<$G52),$E52,"") | AH52: =IF(AND($AH$12>=$F52,$AH$12<$G52),$E52,"") | AI52: =IF(AND($AI$12>=$F52,$AI$12<$G52),$E52,"") | AJ52: =IF(AND($AJ$12>=$F52,$AJ$12<$G52),$E52,"") | AK52: =IF(AND($AK$12>=$F52,$AK$12<$G52),$E52,"") | AL52: =IF(AND($AL$12>=$F52,$AL$12<$G52),$E52,"") | AM52: =IF(AND($AM$12>=$F52,$AM$12<$G52),$E52,"") | AN52: =IF(AND($AN$12>=$F52,$AN$12<$G52),$E52,"") | AO52: =IF(AND($AO$12>=$F52,$AO$12<$G52),$E52,"") | AP52: =IF(AND($AP$12>=$F52,$AP$12<$G52),$E52,"") | AQ52: =IF(AND($AQ$12>=$F52,$AQ$12<$G52),$E52,"") | AR52: =IF(AND($AR$12>=$F52,$AR$12<$G52),$E52,"") | AS52: =IF(AND($AS$12>=$F52,$AS$12<$G52),$E52,"") | AT52: =IF(AND($AT$12>=$F52,$AT$12<$G52),$E52,"") | AU52: =IF(AND($AU$12>=$F52,$AU$12<$G52),$E52,"") | AV52: =IF(AND($AV$12>=$F52,$AV$12<$G52),$E52,"") | AW52: =IF(AND($AW$12>=$F52,$AW$12<$G52),$E52,"") | AX52: =IF(AND($AX$12>=$F52,$AX$12<$G52),$E52,"") | AY52: =IF(AND($AY$12>=$F52,$AY$12<$G52),$E52,"") | AZ52: =IF(AND($AZ$12>=$F52,$AZ$12<$G52),$E52,"") | BA52: =IF(AND($BA$12>=$F52,$BA$12<$G52),$E52,"") | BB52: =IF(AND($BB$12>=$F52,$BB$12<$G52),$E52,"") | BC52: =IF(AND($BC$12>=$F52,$BC$12<$G52),$E52,"") | BD52: =IF(AND($BD$12>=$F52,$BD$12<$G52),$E52,"") | BE52: =IF(AND($BE$12>=$F52,$BE$12<$G52),$E52,"") | BF52: =IF(AND($BF$12>=$F52,$BF$12<$G52),$E52,"") | BG52: =IF(AND($BG$12>=$F52,$BG$12<$G52),$E52,"") | BH52: =IF(AND($BH$12>=$F52,$BH$12<$G52),$E52,"") | BI52: =IF(AND($BI$12>=$F52,$BI$12<$G52),$E52,"") | BJ52: =IF(AND($BJ$12>=$F52,$BJ$12<$G52),$E52,"") | BK52: =IF(AND($BK$12>=$F52,$BK$12<$G52),$E52,"") | BL52: =IF(AND($BL$12>=$F52,$BL$12<$G52),$E52,"") | BM52: =IF(AND($BM$12>=$F52,$BM$12<$G52),$E52,"") | BN52: =IF(AND($BN$12>=$F52,$BN$12<$G52),$E52,"") | BO52: =IF(AND($BO$12>=$F52,$BO$12<$G52),$E52,"") | BP52: =IF(AND($BP$12>=$F52,$BP$12<$G52),$E52,"") | BQ52: =IF(AND($BQ$12>=$F52,$BQ$12<$G52),$E52,"") | BR52: =IF(AND($BR$12>=$F52,$BR$12<$G52),$E52,"") | BS52: =IF(AND($BS$12>=$F52,$BS$12<$G52),$E52,"") | BT52: =IF(AND($BT$12>=$F52,$BT$12<$G52),$E52,"")
B53: =Weekly!B24 -> 670 | C53: =Weekly!C24 -> Fern | D53: =Weekly!D27 -> Viernes | E53: =VLOOKUP(B53,Team!$B$4:$E$183,4,FALSE) -> SM | F53: =Weekly!G24 -> 0.4375 | G53: =Weekly!H24 -> 0.79166667 | H53: =IF(AND($H$12>=$F53,$H$12<$G53),$E53,"") | I53: =IF(AND($I$12>=$F53,$I$12<$G53),$E53,"") | J53: =IF(AND($J$12>=$F53,$J$12<$G53),$E53,"") | K53: =IF(AND($K$12>=$F53,$K$12<$G53),$E53,"") | L53: =IF(AND($L$12>=$F53,$L$12<$G53),$E53,"") | M53: =IF(AND($M$12>=$F53,$M$12<$G53),$E53,"") | N53: =IF(AND($N$12>=$F53,$N$12<$G53),$E53,"") | O53: =IF(AND($O$12>=$F53,$O$12<$G53),$E53,"") | P53: =IF(AND($P$12>=$F53,$P$12<$G53),$E53,"") | Q53: =IF(AND($Q$12>=$F53,$Q$12<$G53),$E53,"") | R53: =IF(AND($R$12>=$F53,$R$12<$G53),$E53,"") | S53: =IF(AND($S$12>=$F53,$S$12<$G53),$E53,"") | T53: =IF(AND($T$12>=$F53,$T$12<$G53),$E53,"") | U53: =IF(AND($U$12>=$F53,$U$12<$G53),$E53,"") | V53: =IF(AND($V$12>=$F53,$V$12<$G53),$E53,"") -> SM | W53: =IF(AND($W$12>=$F53,$W$12<$G53),$E53,"") -> SM | X53: MT | Y53: MT | Z53: MT | AA53: MT | AB53: =IF(AND($AB$12>=$F53,$AB$12<$G53),$E53,"") -> SM | AC53: =IF(AND($AC$12>=$F53,$AC$12<$G53),$E53,"") -> SM | AD53: =IF(AND($AD$12>=$F53,$AD$12<$G53),$E53,"") -> SM | AE53: =IF(AND($AE$12>=$F53,$AE$12<$G53),$E53,"") -> SM | AF53: R | AG53: R | AH53: R | AI53: 40 | AJ53: 40 | AK53: 40 | AL53: 10 | AM53: =IF(AND($AM$12>=$F53,$AM$12<$G53),$E53,"") -> SM | AN53: =IF(AND($AN$12>=$F53,$AN$12<$G53),$E53,"") -> SM | AO53: =IF(AND($AO$12>=$F53,$AO$12<$G53),$E53,"") -> SM | AP53: =IF(AND($AP$12>=$F53,$AP$12<$G53),$E53,"") -> SM | AQ53: =IF(AND($AQ$12>=$F53,$AQ$12<$G53),$E53,"") -> SM | AR53: =IF(AND($AR$12>=$F53,$AR$12<$G53),$E53,"") -> SM | AS53: R | AT53: R | AU53: R | AV53: R | AW53: R | AX53: R | AY53: R | AZ53: =IF(AND($AZ$12>=$F53,$AZ$12<$G53),$E53,"") -> SM | BA53: =IF(AND($BA$12>=$F53,$BA$12<$G53),$E53,"") -> SM | BB53: =IF(AND($BB$12>=$F53,$BB$12<$G53),$E53,"") -> SM | BC53: =IF(AND($BC$12>=$F53,$BC$12<$G53),$E53,"") -> SM | BD53: =IF(AND($BD$12>=$F53,$BD$12<$G53),$E53,"") | BE53: =IF(AND($BE$12>=$F53,$BE$12<$G53),$E53,"") | BF53: =IF(AND($BF$12>=$F53,$BF$12<$G53),$E53,"") | BG53: =IF(AND($BG$12>=$F53,$BG$12<$G53),$E53,"") | BH53: =IF(AND($BH$12>=$F53,$BH$12<$G53),$E53,"") | BI53: =IF(AND($BI$12>=$F53,$BI$12<$G53),$E53,"") | BJ53: =IF(AND($BJ$12>=$F53,$BJ$12<$G53),$E53,"") | BK53: =IF(AND($BK$12>=$F53,$BK$12<$G53),$E53,"") | BL53: =IF(AND($BL$12>=$F53,$BL$12<$G53),$E53,"") | BM53: =IF(AND($BM$12>=$F53,$BM$12<$G53),$E53,"") | BN53: =IF(AND($BN$12>=$F53,$BN$12<$G53),$E53,"") | BO53: =IF(AND($BO$12>=$F53,$BO$12<$G53),$E53,"") | BP53: =IF(AND($BP$12>=$F53,$BP$12<$G53),$E53,"") | BQ53: =IF(AND($BQ$12>=$F53,$BQ$12<$G53),$E53,"") | BR53: =IF(AND($BR$12>=$F53,$BR$12<$G53),$E53,"") | BS53: =IF(AND($BS$12>=$F53,$BS$12<$G53),$E53,"") | BT53: =IF(AND($BT$12>=$F53,$BT$12<$G53),$E53,"")
B54: =Weekly!B46 -> 1015 | C54: =Weekly!C46 -> Natalie C. | D54: =Weekly!D84 -> 0 | E54: =VLOOKUP(B54,Team!$B$4:$E$183,4,FALSE) -> H&B | F54: =Weekly!G46 | G54: =Weekly!H46 | H54: =IF(AND($H$12>=$F54,$H$12<$G54),$E54,"") | I54: =IF(AND($I$12>=$F54,$I$12<$G54),$E54,"") | J54: =IF(AND($J$12>=$F54,$J$12<$G54),$E54,"") | K54: =IF(AND($K$12>=$F54,$K$12<$G54),$E54,"") | L54: =IF(AND($L$12>=$F54,$L$12<$G54),$E54,"") | M54: =IF(AND($M$12>=$F54,$M$12<$G54),$E54,"") | N54: =IF(AND($N$12>=$F54,$N$12<$G54),$E54,"") | O54: =IF(AND($O$12>=$F54,$O$12<$G54),$E54,"") | P54: =IF(AND($P$12>=$F54,$P$12<$G54),$E54,"") | Q54: =IF(AND($Q$12>=$F54,$Q$12<$G54),$E54,"") | R54: =IF(AND($R$12>=$F54,$R$12<$G54),$E54,"") | S54: =IF(AND($S$12>=$F54,$S$12<$G54),$E54,"") | T54: =IF(AND($T$12>=$F54,$T$12<$G54),$E54,"") | U54: =IF(AND($U$12>=$F54,$U$12<$G54),$E54,"") | V54: =IF(AND($V$12>=$F54,$V$12<$G54),$E54,"") | W54: =IF(AND($W$12>=$F54,$W$12<$G54),$E54,"") | X54: =IF(AND($X$12>=$F54,$X$12<$G54),$E54,"") | Y54: =IF(AND($Y$12>=$F54,$Y$12<$G54),$E54,"") | Z54: =IF(AND($Z$12>=$F54,$Z$12<$G54),$E54,"") | AA54: =IF(AND($AA$12>=$F54,$AA$12<$G54),$E54,"") | AB54: =IF(AND($AB$12>=$F54,$AB$12<$G54),$E54,"") | AC54: =IF(AND($AC$12>=$F54,$AC$12<$G54),$E54,"") | AD54: =IF(AND($AD$12>=$F54,$AD$12<$G54),$E54,"") | AE54: =IF(AND($AE$12>=$F54,$AE$12<$G54),$E54,"") | AF54: =IF(AND($AF$12>=$F54,$AF$12<$G54),$E54,"") | AG54: =IF(AND($AG$12>=$F54,$AG$12<$G54),$E54,"") | AH54: =IF(AND($AH$12>=$F54,$AH$12<$G54),$E54,"") | AI54: =IF(AND($AI$12>=$F54,$AI$12<$G54),$E54,"") | AJ54: =IF(AND($AJ$12>=$F54,$AJ$12<$G54),$E54,"") | AK54: =IF(AND($AK$12>=$F54,$AK$12<$G54),$E54,"") | AL54: =IF(AND($AL$12>=$F54,$AL$12<$G54),$E54,"") | AM54: =IF(AND($AM$12>=$F54,$AM$12<$G54),$E54,"") | AN54: =IF(AND($AN$12>=$F54,$AN$12<$G54),$E54,"") | AO54: =IF(AND($AO$12>=$F54,$AO$12<$G54),$E54,"") | AP54: =IF(AND($AP$12>=$F54,$AP$12<$G54),$E54,"") | AQ54: =IF(AND($AQ$12>=$F54,$AQ$12<$G54),$E54,"") | AR54: =IF(AND($AR$12>=$F54,$AR$12<$G54),$E54,"") | AS54: =IF(AND($AS$12>=$F54,$AS$12<$G54),$E54,"") | AT54: =IF(AND($AT$12>=$F54,$AT$12<$G54),$E54,"") | AU54: =IF(AND($AU$12>=$F54,$AU$12<$G54),$E54,"") | AV54: =IF(AND($AV$12>=$F54,$AV$12<$G54),$E54,"") | AW54: =IF(AND($AW$12>=$F54,$AW$12<$G54),$E54,"") | AX54: =IF(AND($AX$12>=$F54,$AX$12<$G54),$E54,"") | AY54: =IF(AND($AY$12>=$F54,$AY$12<$G54),$E54,"") | AZ54: =IF(AND($AZ$12>=$F54,$AZ$12<$G54),$E54,"") | BA54: =IF(AND($BA$12>=$F54,$BA$12<$G54),$E54,"") | BB54: =IF(AND($BB$12>=$F54,$BB$12<$G54),$E54,"") | BC54: =IF(AND($BC$12>=$F54,$BC$12<$G54),$E54,"") | BD54: =IF(AND($BD$12>=$F54,$BD$12<$G54),$E54,"") | BE54: =IF(AND($BE$12>=$F54,$BE$12<$G54),$E54,"") | BF54: =IF(AND($BF$12>=$F54,$BF$12<$G54),$E54,"") | BG54: =IF(AND($BG$12>=$F54,$BG$12<$G54),$E54,"") | BH54: =IF(AND($BH$12>=$F54,$BH$12<$G54),$E54,"") | BI54: =IF(AND($BI$12>=$F54,$BI$12<$G54),$E54,"") | BJ54: =IF(AND($BJ$12>=$F54,$BJ$12<$G54),$E54,"") | BK54: =IF(AND($BK$12>=$F54,$BK$12<$G54),$E54,"") | BL54: =IF(AND($BL$12>=$F54,$BL$12<$G54),$E54,"") | BM54: =IF(AND($BM$12>=$F54,$BM$12<$G54),$E54,"") | BN54: =IF(AND($BN$12>=$F54,$BN$12<$G54),$E54,"") | BO54: =IF(AND($BO$12>=$F54,$BO$12<$G54),$E54,"") | BP54: =IF(AND($BP$12>=$F54,$BP$12<$G54),$E54,"") | BQ54: =IF(AND($BQ$12>=$F54,$BQ$12<$G54),$E54,"") | BR54: =IF(AND($BR$12>=$F54,$BR$12<$G54),$E54,"") | BS54: =IF(AND($BS$12>=$F54,$BS$12<$G54),$E54,"") | BT54: =IF(AND($BT$12>=$F54,$BT$12<$G54),$E54,"")
B55: =Weekly!B32 -> 1289 | C55: =Weekly!C32 -> Jordan | D55: =Weekly!D70 -> 0 | E55: =VLOOKUP(B55,Team!$B$4:$E$183,4,FALSE) -> SPV | F55: =Weekly!G32 -> 0.4375 | G55: =Weekly!H32 -> 0.79166667 | H55: =IF(AND($H$12>=$F55,$H$12<$G55),$E55,"") | I55: =IF(AND($I$12>=$F55,$I$12<$G55),$E55,"") | J55: =IF(AND($J$12>=$F55,$J$12<$G55),$E55,"") | K55: =IF(AND($K$12>=$F55,$K$12<$G55),$E55,"") | L55: =IF(AND($L$12>=$F55,$L$12<$G55),$E55,"") | M55: =IF(AND($M$12>=$F55,$M$12<$G55),$E55,"") | N55: =IF(AND($N$12>=$F55,$N$12<$G55),$E55,"") | O55: =IF(AND($O$12>=$F55,$O$12<$G55),$E55,"") | P55: =IF(AND($P$12>=$F55,$P$12<$G55),$E55,"") | Q55: =IF(AND($Q$12>=$F55,$Q$12<$G55),$E55,"") | R55: =IF(AND($R$12>=$F55,$R$12<$G55),$E55,"") | S55: =IF(AND($S$12>=$F55,$S$12<$G55),$E55,"") | T55: =IF(AND($T$12>=$F55,$T$12<$G55),$E55,"") | U55: =IF(AND($U$12>=$F55,$U$12<$G55),$E55,"") | V55: =IF(AND($V$12>=$F55,$V$12<$G55),$E55,"") -> SPV | W55: =IF(AND($W$12>=$F55,$W$12<$G55),$E55,"") -> SPV | X55: GR | Y55: GR | Z55: GR | AA55: GR | AB55: =IF(AND($AB$12>=$F55,$AB$12<$G55),$E55,"") -> SPV | AC55: =IF(AND($AC$12>=$F55,$AC$12<$G55),$E55,"") -> SPV | AD55: =IF(AND($AD$12>=$F55,$AD$12<$G55),$E55,"") -> SPV | AE55: =IF(AND($AE$12>=$F55,$AE$12<$G55),$E55,"") -> SPV | AF55: =IF(AND($AF$12>=$F55,$AF$12<$G55),$E55,"") -> SPV | AG55: =IF(AND($AG$12>=$F55,$AG$12<$G55),$E55,"") -> SPV | AH55: =IF(AND($AH$12>=$F55,$AH$12<$G55),$E55,"") -> SPV | AI55: 40 | AJ55: 40 | AK55: 40 | AL55: 10 | AM55: =IF(AND($AM$12>=$F55,$AM$12<$G55),$E55,"") -> SPV | AN55: =IF(AND($AN$12>=$F55,$AN$12<$G55),$E55,"") -> SPV | AO55: =IF(AND($AO$12>=$F55,$AO$12<$G55),$E55,"") -> SPV | AP55: =IF(AND($AP$12>=$F55,$AP$12<$G55),$E55,"") -> SPV | AQ55: =IF(AND($AQ$12>=$F55,$AQ$12<$G55),$E55,"") -> SPV | AR55: =IF(AND($AR$12>=$F55,$AR$12<$G55),$E55,"") -> SPV | AS55: =IF(AND($AW$12>=$F55,$AW$12<$G55),$E55,"") -> SPV | AT55: =IF(AND($AW$12>=$F55,$AW$12<$G55),$E55,"") -> SPV | AU55: =IF(AND($AW$12>=$F55,$AW$12<$G55),$E55,"") -> SPV | AV55: =IF(AND($AW$12>=$F55,$AW$12<$G55),$E55,"") -> SPV | AW55: =IF(AND($AW$12>=$F55,$AW$12<$G55),$E55,"") -> SPV | AX55: =IF(AND($AX$12>=$F55,$AX$12<$G55),$E55,"") -> SPV | AY55: =IF(AND($AY$12>=$F55,$AY$12<$G55),$E55,"") -> SPV | AZ55: RFID | BA55: RFID | BB55: =IF(AND($BB$12>=$F55,$BB$12<$G55),$E55,"") -> SPV | BC55: =IF(AND($BC$12>=$F55,$BC$12<$G55),$E55,"") -> SPV | BD55: =IF(AND($BD$12>=$F55,$BD$12<$G55),$E55,"") | BE55: =IF(AND($BE$12>=$F55,$BE$12<$G55),$E55,"") | BF55: =IF(AND($BF$12>=$F55,$BF$12<$G55),$E55,"") | BG55: =IF(AND($BG$12>=$F55,$BG$12<$G55),$E55,"") | BH55: =IF(AND($BH$12>=$F55,$BH$12<$G55),$E55,"") | BI55: =IF(AND($BI$12>=$F55,$BI$12<$G55),$E55,"") | BJ55: =IF(AND($BJ$12>=$F55,$BJ$12<$G55),$E55,"") | BK55: =IF(AND($BK$12>=$F55,$BK$12<$G55),$E55,"") | BL55: =IF(AND($BL$12>=$F55,$BL$12<$G55),$E55,"") | BM55: =IF(AND($BM$12>=$F55,$BM$12<$G55),$E55,"") | BN55: =IF(AND($BN$12>=$F55,$BN$12<$G55),$E55,"") | BO55: =IF(AND($BO$12>=$F55,$BO$12<$G55),$E55,"") | BP55: =IF(AND($BP$12>=$F55,$BP$12<$G55),$E55,"") | BQ55: =IF(AND($BQ$12>=$F55,$BQ$12<$G55),$E55,"") | BR55: =IF(AND($BR$12>=$F55,$BR$12<$G55),$E55,"") | BS55: =IF(AND($BS$12>=$F55,$BS$12<$G55),$E55,"") | BT55: =IF(AND($BT$12>=$F55,$BT$12<$G55),$E55,"")
B56: =Weekly!B48 -> 1257 | C56: =Weekly!C48 -> Noreen | D56: =Weekly!D86 -> 0 | E56: =VLOOKUP(B56,Team!$B$4:$E$183,4,FALSE) -> L's | F56: =Weekly!G48 | G56: =Weekly!H48 | H56: =IF(AND($H$12>=$F56,$H$12<$G56),$E56,"") | I56: =IF(AND($I$12>=$F56,$I$12<$G56),$E56,"") | J56: =IF(AND($J$12>=$F56,$J$12<$G56),$E56,"") | K56: =IF(AND($K$12>=$F56,$K$12<$G56),$E56,"") | L56: =IF(AND($L$12>=$F56,$L$12<$G56),$E56,"") | M56: =IF(AND($M$12>=$F56,$M$12<$G56),$E56,"") | N56: =IF(AND($N$12>=$F56,$N$12<$G56),$E56,"") | O56: =IF(AND($O$12>=$F56,$O$12<$G56),$E56,"") | P56: =IF(AND($P$12>=$F56,$P$12<$G56),$E56,"") | Q56: =IF(AND($Q$12>=$F56,$Q$12<$G56),$E56,"") | R56: =IF(AND($R$12>=$F56,$R$12<$G56),$E56,"") | S56: =IF(AND($S$12>=$F56,$S$12<$G56),$E56,"") | T56: =IF(AND($T$12>=$F56,$T$12<$G56),$E56,"") | U56: =IF(AND($U$12>=$F56,$U$12<$G56),$E56,"") | V56: =IF(AND($V$12>=$F56,$V$12<$G56),$E56,"") | W56: =IF(AND($W$12>=$F56,$W$12<$G56),$E56,"") | X56: =IF(AND($X$12>=$F56,$X$12<$G56),$E56,"") | Y56: =IF(AND($Y$12>=$F56,$Y$12<$G56),$E56,"") | Z56: =IF(AND($Z$12>=$F56,$Z$12<$G56),$E56,"") | AA56: =IF(AND($AA$12>=$F56,$AA$12<$G56),$E56,"") | AB56: =IF(AND($AB$12>=$F56,$AB$12<$G56),$E56,"") | AC56: =IF(AND($AC$12>=$F56,$AC$12<$G56),$E56,"") | AD56: =IF(AND($AD$12>=$F56,$AD$12<$G56),$E56,"") | AE56: =IF(AND($AE$12>=$F56,$AE$12<$G56),$E56,"") | AF56: =IF(AND($AF$12>=$F56,$AF$12<$G56),$E56,"") | AG56: =IF(AND($AG$12>=$F56,$AG$12<$G56),$E56,"") | AH56: =IF(AND($AH$12>=$F56,$AH$12<$G56),$E56,"") | AI56: =IF(AND($AI$12>=$F56,$AI$12<$G56),$E56,"") | AJ56: =IF(AND($AJ$12>=$F56,$AJ$12<$G56),$E56,"") | AK56: =IF(AND($AK$12>=$F56,$AK$12<$G56),$E56,"") | AL56: =IF(AND($AL$12>=$F56,$AL$12<$G56),$E56,"") | AM56: =IF(AND($AM$12>=$F56,$AM$12<$G56),$E56,"") | AN56: =IF(AND($AN$12>=$F56,$AN$12<$G56),$E56,"") | AO56: =IF(AND($AO$12>=$F56,$AO$12<$G56),$E56,"") | AP56: =IF(AND($AP$12>=$F56,$AP$12<$G56),$E56,"") | AQ56: =IF(AND($AQ$12>=$F56,$AQ$12<$G56),$E56,"") | AR56: =IF(AND($AR$12>=$F56,$AR$12<$G56),$E56,"") | AS56: =IF(AND($AS$12>=$F56,$AS$12<$G56),$E56,"") | AT56: =IF(AND($AT$12>=$F56,$AT$12<$G56),$E56,"") | AU56: =IF(AND($AU$12>=$F56,$AU$12<$G56),$E56,"") | AV56: =IF(AND($AV$12>=$F56,$AV$12<$G56),$E56,"") | AW56: =IF(AND($AW$12>=$F56,$AW$12<$G56),$E56,"") | AX56: =IF(AND($AX$12>=$F56,$AX$12<$G56),$E56,"") | AY56: =IF(AND($AY$12>=$F56,$AY$12<$G56),$E56,"") | AZ56: =IF(AND($AZ$12>=$F56,$AZ$12<$G56),$E56,"") | BA56: =IF(AND($BA$12>=$F56,$BA$12<$G56),$E56,"") | BB56: =IF(AND($BB$12>=$F56,$BB$12<$G56),$E56,"") | BC56: =IF(AND($BC$12>=$F56,$BC$12<$G56),$E56,"") | BD56: =IF(AND($BD$12>=$F56,$BD$12<$G56),$E56,"") | BE56: =IF(AND($BE$12>=$F56,$BE$12<$G56),$E56,"") | BF56: =IF(AND($BF$12>=$F56,$BF$12<$G56),$E56,"") | BG56: =IF(AND($BG$12>=$F56,$BG$12<$G56),$E56,"") | BH56: =IF(AND($BH$12>=$F56,$BH$12<$G56),$E56,"") | BI56: =IF(AND($BI$12>=$F56,$BI$12<$G56),$E56,"") | BJ56: =IF(AND($BJ$12>=$F56,$BJ$12<$G56),$E56,"") | BK56: =IF(AND($BK$12>=$F56,$BK$12<$G56),$E56,"") | BL56: =IF(AND($BL$12>=$F56,$BL$12<$G56),$E56,"") | BM56: =IF(AND($BM$12>=$F56,$BM$12<$G56),$E56,"") | BN56: =IF(AND($BN$12>=$F56,$BN$12<$G56),$E56,"") | BO56: =IF(AND($BO$12>=$F56,$BO$12<$G56),$E56,"") | BP56: =IF(AND($BP$12>=$F56,$BP$12<$G56),$E56,"") | BQ56: =IF(AND($BQ$12>=$F56,$BQ$12<$G56),$E56,"") | BR56: =IF(AND($BR$12>=$F56,$BR$12<$G56),$E56,"") | BS56: =IF(AND($BS$12>=$F56,$BS$12<$G56),$E56,"") | BT56: =IF(AND($BT$12>=$F56,$BT$12<$G56),$E56,"")
B57: =Weekly!B49 -> 1287 | C57: =Weekly!C49 -> Pearl | D57: =Weekly!D87 -> 0 | E57: =VLOOKUP(B57,Team!$B$4:$E$183,4,FALSE) -> L's | F57: =Weekly!G49 | G57: =Weekly!H49 | H57: =IF(AND($H$12>=$F57,$H$12<$G57),$E57,"") | I57: =IF(AND($I$12>=$F57,$I$12<$G57),$E57,"") | J57: =IF(AND($J$12>=$F57,$J$12<$G57),$E57,"") | K57: =IF(AND($K$12>=$F57,$K$12<$G57),$E57,"") | L57: =IF(AND($L$12>=$F57,$L$12<$G57),$E57,"") | M57: =IF(AND($M$12>=$F57,$M$12<$G57),$E57,"") | N57: =IF(AND($N$12>=$F57,$N$12<$G57),$E57,"") | O57: =IF(AND($O$12>=$F57,$O$12<$G57),$E57,"") | P57: =IF(AND($P$12>=$F57,$P$12<$G57),$E57,"") | Q57: =IF(AND($Q$12>=$F57,$Q$12<$G57),$E57,"") | R57: =IF(AND($R$12>=$F57,$R$12<$G57),$E57,"") | S57: =IF(AND($S$12>=$F57,$S$12<$G57),$E57,"") | T57: =IF(AND($T$12>=$F57,$T$12<$G57),$E57,"") | U57: =IF(AND($U$12>=$F57,$U$12<$G57),$E57,"") | V57: =IF(AND($V$12>=$F57,$V$12<$G57),$E57,"") | W57: =IF(AND($W$12>=$F57,$W$12<$G57),$E57,"") | X57: =IF(AND($X$12>=$F57,$X$12<$G57),$E57,"") | Y57: =IF(AND($Y$12>=$F57,$Y$12<$G57),$E57,"") | Z57: =IF(AND($Z$12>=$F57,$Z$12<$G57),$E57,"") | AA57: =IF(AND($AA$12>=$F57,$AA$12<$G57),$E57,"") | AB57: =IF(AND($AB$12>=$F57,$AB$12<$G57),$E57,"") | AC57: =IF(AND($AC$12>=$F57,$AC$12<$G57),$E57,"") | AD57: =IF(AND($AD$12>=$F57,$AD$12<$G57),$E57,"") | AE57: =IF(AND($AE$12>=$F57,$AE$12<$G57),$E57,"") | AF57: =IF(AND($AF$12>=$F57,$AF$12<$G57),$E57,"") | AG57: =IF(AND($AG$12>=$F57,$AG$12<$G57),$E57,"") | AH57: =IF(AND($AH$12>=$F57,$AH$12<$G57),$E57,"") | AI57: =IF(AND($AI$12>=$F57,$AI$12<$G57),$E57,"") | AJ57: =IF(AND($AJ$12>=$F57,$AJ$12<$G57),$E57,"") | AK57: =IF(AND($AK$12>=$F57,$AK$12<$G57),$E57,"") | AL57: =IF(AND($AL$12>=$F57,$AL$12<$G57),$E57,"") | AM57: =IF(AND($AM$12>=$F57,$AM$12<$G57),$E57,"") | AN57: =IF(AND($AN$12>=$F57,$AN$12<$G57),$E57,"") | AO57: =IF(AND($AO$12>=$F57,$AO$12<$G57),$E57,"") | AP57: =IF(AND($AP$12>=$F57,$AP$12<$G57),$E57,"") | AQ57: =IF(AND($AQ$12>=$F57,$AQ$12<$G57),$E57,"") | AR57: =IF(AND($AR$12>=$F57,$AR$12<$G57),$E57,"") | AS57: =IF(AND($AS$12>=$F57,$AS$12<$G57),$E57,"") | AT57: =IF(AND($AT$12>=$F57,$AT$12<$G57),$E57,"") | AU57: =IF(AND($AU$12>=$F57,$AU$12<$G57),$E57,"") | AV57: =IF(AND($AV$12>=$F57,$AV$12<$G57),$E57,"") | AW57: =IF(AND($AW$12>=$F57,$AW$12<$G57),$E57,"") | AX57: =IF(AND($AX$12>=$F57,$AX$12<$G57),$E57,"") | AY57: =IF(AND($AY$12>=$F57,$AY$12<$G57),$E57,"") | AZ57: =IF(AND($AZ$12>=$F57,$AZ$12<$G57),$E57,"") | BA57: =IF(AND($BA$12>=$F57,$BA$12<$G57),$E57,"") | BB57: =IF(AND($BB$12>=$F57,$BB$12<$G57),$E57,"") | BC57: =IF(AND($BC$12>=$F57,$BC$12<$G57),$E57,"") | BD57: =IF(AND($BD$12>=$F57,$BD$12<$G57),$E57,"") | BE57: =IF(AND($BE$12>=$F57,$BE$12<$G57),$E57,"") | BF57: =IF(AND($BF$12>=$F57,$BF$12<$G57),$E57,"") | BG57: =IF(AND($BG$12>=$F57,$BG$12<$G57),$E57,"") | BH57: =IF(AND($BH$12>=$F57,$BH$12<$G57),$E57,"") | BI57: =IF(AND($BI$12>=$F57,$BI$12<$G57),$E57,"") | BJ57: =IF(AND($BJ$12>=$F57,$BJ$12<$G57),$E57,"") | BK57: =IF(AND($BK$12>=$F57,$BK$12<$G57),$E57,"") | BL57: =IF(AND($BL$12>=$F57,$BL$12<$G57),$E57,"") | BM57: =IF(AND($BM$12>=$F57,$BM$12<$G57),$E57,"") | BN57: =IF(AND($BN$12>=$F57,$BN$12<$G57),$E57,"") | BO57: =IF(AND($BO$12>=$F57,$BO$12<$G57),$E57,"") | BP57: =IF(AND($BP$12>=$F57,$BP$12<$G57),$E57,"") | BQ57: =IF(AND($BQ$12>=$F57,$BQ$12<$G57),$E57,"") | BR57: =IF(AND($BR$12>=$F57,$BR$12<$G57),$E57,"") | BS57: =IF(AND($BS$12>=$F57,$BS$12<$G57),$E57,"") | BT57: =IF(AND($BT$12>=$F57,$BT$12<$G57),$E57,"")
